Date,Time,Latitude,Longitude,Altitude,Speed
2013-11-27,12:38:28,-33.97942,18.84142,156,0
2013-11-27,12:41:07,-33.9795,18.84142,156,0
2013-11-27,14:48:24,-33.97931,18.84147,143,0
2013-11-27,14:51:49,-33.97936,18.84144,156,5
2013-11-27,14:52:07,-33.97936,18.84147,143,2
2013-11-27,14:52:08,-33.97933,18.84147,143,5
2013-11-27,14:52:12,-33.97928,18.84144,142,8
2013-11-27,14:52:16,-33.97919,18.84133,141,10
2013-11-27,14:52:17,-33.97917,18.84136,140,13
2013-11-27,14:52:23,-33.97903,18.84142,140,12
2013-11-27,14:52:24,-33.97897,18.84136,140,15
2013-11-27,14:52:42,-33.97869,18.84086,133,16
2013-11-27,14:52:44,-33.97861,18.84083,132,21
2013-11-27,14:52:45,-33.9785,18.84086,131,30
2013-11-27,14:53:05,-33.97711,18.84147,125,14
2013-11-27,14:53:51,-33.97625,18.84281,118,19
2013-11-27,14:53:55,-33.97614,18.84289,117,15
2013-11-27,14:54:04,-33.97575,18.84322,116,13
2013-11-27,14:54:07,-33.97569,18.84325,115,6
2013-11-27,14:54:08,-33.97564,18.84322,115,11
2013-11-27,14:54:11,-33.97558,18.84314,114,20
2013-11-27,14:54:50,-33.97494,18.84192,110,17
2013-11-27,14:54:53,-33.97483,18.84186,109,15
2013-11-27,14:54:59,-33.97469,18.84192,108,6
2013-11-27,14:55:17,-33.97461,18.84194,108,3
2013-11-27,14:55:20,-33.97456,18.842,108,19
2013-11-27,14:56:03,-33.96919,18.84403,104,15
2013-11-27,14:56:05,-33.96911,18.844,104,18
2013-11-27,14:56:07,-33.96906,18.84389,104,25
2013-11-27,14:56:09,-33.969,18.84375,104,15
2013-11-27,14:56:10,-33.96894,18.84375,104,15
2013-11-27,14:56:12,-33.96894,18.84378,104,14
2013-11-27,14:56:13,-33.96894,18.84383,104,16
2013-11-27,14:56:17,-33.96889,18.84417,105,28
2013-11-27,14:56:19,-33.96878,18.84425,106,28
2013-11-27,14:56:45,-33.96578,18.84614,122,76
2013-11-27,14:58:40,-33.95628,18.85506,117,80
2013-11-27,14:59:38,-33.954,18.85569,115,60
2013-11-27,14:59:55,-33.95108,18.85508,110,66
2013-11-27,15:01:05,-33.94561,18.85295,97,0
2013-11-27,15:02:19,-33.94042,18.85181,94,14
2013-11-27,15:02:20,-33.94042,18.85172,93,12
2013-11-27,15:02:32,-33.94047,18.85094,91,14
2013-11-27,15:02:34,-33.94044,18.85094,91,15
2013-11-27,15:03:11,-33.93908,18.85067,92,6
2013-11-27,15:03:12,-33.93908,18.85069,92,8
2013-11-27,15:03:20,-33.93908,18.85069,93,3
2013-11-27,15:03:31,-33.93908,18.85069,94,2
2013-11-27,15:03:33,-33.93917,18.85069,94,12
2013-11-27,15:03:51,-33.94042,18.85094,95,8
2013-11-27,15:03:53,-33.94044,18.851,95,10
2013-11-27,15:03:55,-33.94044,18.85103,95,14
2013-11-27,15:05:29,-33.93972,18.85569,106,14
2013-11-27,15:05:45,-33.93967,18.856,106,6
2013-11-27,15:05:47,-33.93972,18.85603,106,10
2013-11-27,15:05:55,-33.93986,18.85617,106,12
2013-11-27,15:05:59,-33.93986,18.85631,106,9
2013-11-27,15:06:01,-33.93983,18.85636,106,4
2013-11-27,15:06:03,-33.93983,18.85639,106,7
2013-11-27,15:06:05,-33.93981,18.85642,106,10
2013-11-27,15:06:07,-33.93975,18.85639,106,10
2013-11-27,15:06:09,-33.93969,18.85636,106,6
2013-11-27,15:06:13,-33.93961,18.85633,106,13
2013-11-27,15:06:14,-33.93958,18.85636,106,15
2013-11-27,15:06:15,-33.93958,18.85642,106,17
2013-11-27,15:06:40,-33.939,18.85875,114,29
2013-11-27,15:07:00,-33.93886,18.85944,115,11
2013-11-27,15:07:02,-33.93881,18.85947,115,14
2013-11-27,15:07:24,-33.93833,18.85956,112,9
2013-11-27,15:08:09,-33.93825,18.85958,111,3
2013-11-27,15:08:13,-33.93817,18.85961,111,16
2013-11-27,15:08:20,-33.93772,18.85964,111,20
2013-11-27,15:08:50,-33.93614,18.85903,109,15
2013-11-27,15:08:52,-33.936,18.859,108,23
2013-11-27,15:09:53,-33.9335,18.85919,107,32
2013-11-27,15:10:01,-33.93308,18.85903,106,4
2013-11-27,15:10:08,-33.93306,18.859,107,5
2013-11-27,15:10:11,-33.93306,18.85897,107,3
2013-11-27,15:10:16,-33.93306,18.85894,106,2
2013-11-27,15:10:42,-33.93308,18.85889,106,11
2013-11-27,15:11:13,-33.93317,18.85833,105,0
2013-11-27,15:12:18,-33.93314,18.85836,105,0
2013-11-27,15:12:25,-33.93317,18.85833,105,0
2013-11-27,15:12:51,-33.93314,18.85833,104,7
2013-11-27,15:12:53,-33.93308,18.85828,104,13
2013-11-27,15:13:03,-33.93275,18.85819,104,7
2013-11-27,15:13:09,-33.93272,18.85819,105,2
2013-11-27,15:13:11,-33.93272,18.85819,105,2
2013-11-27,15:13:15,-33.93275,18.85819,105,2
2013-11-27,15:13:19,-33.93275,18.85819,106,2
2013-11-27,15:13:21,-33.93275,18.85825,106,6
2013-11-27,15:13:24,-33.93275,18.85825,106,4
2013-11-27,15:13:31,-33.93275,18.85819,107,2
2013-11-27,15:13:42,-33.93297,18.85828,107,3
2013-11-27,15:14:14,-33.93303,18.85828,100,0
2013-11-27,15:20:07,-33.93311,18.85828,100,6
2013-11-27,15:20:13,-33.93319,18.85839,106,8
2013-11-27,15:20:14,-33.93319,18.85842,107,6
2013-11-27,15:20:21,-33.93317,18.85842,108,3
2013-11-27,15:20:37,-33.93317,18.85828,112,2
2013-11-27,15:20:39,-33.93314,18.85828,111,3
2013-11-27,15:20:52,-33.93303,18.85825,112,4
2013-11-27,15:20:54,-33.93303,18.85822,111,3
2013-11-27,15:20:57,-33.93303,18.85819,110,3
2013-11-27,15:21:03,-33.933,18.85819,109,5
2013-11-27,15:21:05,-33.93294,18.85819,109,15
2013-11-27,15:21:07,-33.93283,18.85814,108,17
2013-11-27,15:21:10,-33.93278,18.85808,108,13
2013-11-27,15:21:17,-33.93261,18.85753,107,27
2013-11-27,15:21:25,-33.93267,18.85706,106,16
2013-11-27,15:21:27,-33.93264,18.857,105,10
2013-11-27,15:21:31,-33.93258,18.85689,105,15
2013-11-27,15:21:32,-33.93258,18.85683,105,18
2013-11-27,15:23:19,-33.933,18.85281,96,21
2013-11-27,15:23:20,-33.93311,18.85272,96,26
2013-11-27,15:23:49,-33.93408,18.8525,99,0
2013-11-27,15:24:54,-33.93433,18.85239,102,11
2013-11-27,15:24:56,-33.93433,18.85225,102,18
2013-11-27,15:25:06,-33.93417,18.85158,102,31
2013-11-27,15:25:07,-33.93403,18.85144,101,33
2013-11-27,15:25:10,-33.93389,18.85142,101,34
2013-11-27,15:25:13,-33.93361,18.8515,100,42
2013-11-27,15:25:28,-33.93211,18.85208,100,30
2013-11-27,15:26:03,-33.92717,18.85125,99,59
2013-11-27,15:27:03,-33.92078,18.85308,101,33
2013-11-27,15:27:05,-33.92056,18.85297,101,30
2013-11-27,15:27:54,-33.91833,18.851,117,3
2013-11-27,15:27:57,-33.91822,18.85094,117,16
2013-11-27,15:28:00,-33.91817,18.85086,118,18
2013-11-27,15:28:08,-33.91778,18.85031,123,34
2013-11-27,15:28:16,-33.91742,18.84992,126,17
2013-11-27,15:28:17,-33.91742,18.84986,126,18
2013-11-27,15:28:18,-33.91744,18.84975,127,18
2013-11-27,15:28:53,-33.91828,18.84881,140,14
2013-11-27,15:28:55,-33.91828,18.84881,140,13
2013-11-27,15:30:22,-33.91992,18.84775,154,18
2013-11-27,15:30:24,-33.91997,18.84764,155,18
2013-11-27,15:30:27,-33.91997,18.84753,156,20
2013-11-27,15:30:31,-33.91992,18.84731,158,13
2013-11-27,15:31:16,-33.91961,18.84672,161,16
2013-11-27,15:31:17,-33.91961,18.84667,162,17
2013-11-27,15:31:18,-33.91969,18.84661,162,19
2013-11-27,15:31:58,-33.92108,18.84556,176,22
2013-11-27,15:32:05,-33.92119,18.84494,182,31
2013-11-27,15:32:07,-33.92117,18.84478,184,26
2013-11-27,15:32:41,-33.92078,18.84375,190,15
2013-11-27,15:32:43,-33.92075,18.84372,190,13
2013-11-27,15:32:47,-33.92053,18.84375,189,14
2013-11-27,15:33:49,-33.91986,18.84403,182,4
2013-11-27,15:33:57,-33.91964,18.84417,178,20
2013-11-27,15:34:25,-33.91875,18.84486,168,19
2013-11-27,15:34:26,-33.91875,18.84494,167,21
2013-11-27,15:34:47,-33.91922,18.84606,165,7
2013-11-27,15:34:49,-33.91919,18.84608,164,7
2013-11-27,15:34:54,-33.91908,18.84617,163,13
2013-11-27,15:34:56,-33.919,18.84617,163,11
2013-11-27,15:35:04,-33.91883,18.84608,161,8
2013-11-27,15:35:06,-33.91881,18.84603,161,10
2013-11-27,15:35:11,-33.91869,18.84586,161,11
2013-11-27,15:35:12,-33.91867,18.84586,161,9
2013-11-27,15:35:35,-33.91861,18.84589,160,7
2013-11-27,15:35:45,-33.91814,18.84628,155,19
2013-11-27,15:35:52,-33.91808,18.84667,152,19
2013-11-27,15:35:56,-33.91808,18.84697,150,16
2013-11-27,15:35:58,-33.91806,18.847,149,17
2013-11-27,15:35:59,-33.91803,18.84703,149,18
2013-11-27,15:36:04,-33.91775,18.84708,148,24
2013-11-27,15:36:30,-33.91622,18.84653,140,17
2013-11-27,15:36:31,-33.91619,18.84658,139,19
2013-11-27,15:36:41,-33.91603,18.84769,134,44
2013-11-27,15:36:52,-33.91625,18.84903,127,38
2013-11-27,15:37:18,-33.91731,18.85094,115,47
2013-11-27,15:37:20,-33.91764,18.85108,115,45
2013-11-27,15:37:29,-33.91844,18.85106,117,29
2013-11-27,15:37:46,-33.91894,18.85153,113,2
2013-11-27,15:38:16,-33.92061,18.85303,103,30
2013-11-27,15:38:42,-33.92083,18.85311,106,11
2013-11-27,15:38:58,-33.92205,18.85281,104,46
2013-11-27,15:39:30,-33.92617,18.85211,103,26
2013-11-27,15:39:46,-33.92786,18.85108,100,42
2013-11-27,15:40:39,-33.93403,18.85153,98,29
2013-11-27,15:40:40,-33.93411,18.85161,99,20
2013-11-27,15:41:09,-33.93419,18.85175,99,7
2013-11-27,15:41:20,-33.93428,18.85225,98,23
2013-11-27,15:41:21,-33.93425,18.85231,97,25
2013-11-27,15:41:24,-33.93414,18.85239,97,25
2013-11-27,15:41:40,-33.93278,18.85286,97,32
2013-11-27,15:41:41,-33.93278,18.85294,97,36
2013-11-27,15:42:12,-33.93244,18.85769,102,11
2013-11-27,15:42:13,-33.93247,18.85769,102,11
2013-11-27,15:42:16,-33.93253,18.85772,102,11
2013-11-27,15:42:19,-33.93264,18.85778,101,22
2013-11-27,15:42:20,-33.93269,18.85792,101,26
2013-11-27,15:42:25,-33.93278,18.85817,101,22
2013-11-27,15:42:27,-33.93286,18.85822,101,14
2013-11-27,15:43:40,-33.933,18.85825,105,8
2013-11-27,15:43:41,-33.933,18.85819,105,11
2013-11-27,15:43:42,-33.933,18.85814,105,11
2013-11-27,15:43:43,-33.93294,18.85811,104,12
2013-11-27,15:43:44,-33.93292,18.85811,104,13
2013-11-27,15:43:49,-33.93281,18.85811,104,13
2013-11-27,15:43:50,-33.93278,18.85808,104,13
2013-11-27,15:43:52,-33.93275,18.85803,104,8
2013-11-27,15:43:53,-33.93272,18.85806,104,7
2013-11-27,15:43:58,-33.93272,18.85808,104,2
2013-11-27,15:44:02,-33.93275,18.85803,104,0
2013-11-27,15:44:05,-33.93272,18.85808,104,6
2013-11-27,15:44:06,-33.93272,18.85814,104,15
2013-11-27,15:44:15,-33.93281,18.85847,103,7
2013-11-27,15:44:49,-33.93283,18.8585,107,0
2013-11-27,15:45:03,-33.93286,18.85847,107,0
2013-11-27,15:55:42,-33.93281,18.8585,124,2
2013-11-27,15:55:47,-33.93281,18.8585,121,5
2013-11-27,15:56:43,-33.93278,18.85853,111,2
2013-11-27,15:57:25,-33.93278,18.85847,108,0
2013-11-27,15:57:59,-33.93278,18.85844,111,2
2013-11-27,15:58:00,-33.93278,18.85844,111,2
2013-11-27,15:58:04,-33.93278,18.85844,111,5
2013-11-27,15:58:06,-33.93283,18.85847,111,9
2013-11-27,15:58:17,-33.93283,18.85847,112,2
2013-11-27,16:00:06,-33.93283,18.85847,104,0
2013-11-27,16:01:15,-33.93283,18.85853,97,1
2013-11-27,16:01:54,-33.93292,18.8585,106,0
2013-11-27,16:21:24,-33.93306,18.85858,93,0
2013-11-27,16:24:22,-33.93311,18.85856,111,5
2013-11-27,16:24:23,-33.93311,18.85853,111,5
2013-11-27,16:24:52,-33.93311,18.85842,108,2
2013-11-27,16:24:57,-33.93311,18.85844,108,2
2013-11-27,16:25:01,-33.93311,18.85847,108,2
2013-11-27,16:25:02,-33.93311,18.85844,108,5
2013-11-27,16:25:08,-33.93311,18.85839,108,2
2013-11-27,16:25:16,-33.93311,18.85842,108,2
2013-11-27,16:25:17,-33.93311,18.85842,108,2
2013-11-27,16:25:42,-33.93311,18.85844,108,2
2013-11-27,16:26:05,-33.93308,18.85847,108,2
2013-11-27,16:26:33,-33.93308,18.85847,110,0
2013-11-27,16:28:31,-33.93311,18.85847,112,0
2013-11-27,16:31:17,-33.93308,18.8585,113,2
2013-11-27,16:31:19,-33.93308,18.85847,113,2
2013-11-27,16:31:21,-33.93308,18.85844,112,2
2013-11-27,16:31:25,-33.93308,18.85844,112,3
2013-11-27,16:31:27,-33.93308,18.8585,112,4
2013-11-27,16:31:29,-33.93311,18.8585,112,3
2013-11-27,16:31:37,-33.93311,18.85853,111,2
2013-11-27,16:31:40,-33.93311,18.85856,111,3
2013-11-27,16:31:42,-33.93308,18.85858,111,3
2013-11-27,16:31:44,-33.93308,18.85858,111,2
2013-11-27,16:31:46,-33.93308,18.85858,111,2
2013-11-27,16:32:26,-33.93308,18.85858,109,0
2013-11-27,16:37:00,-33.93314,18.85867,117,5
2013-11-27,16:37:03,-33.93317,18.85861,115,8
2013-11-27,16:37:04,-33.93317,18.85858,115,12
2013-11-27,16:37:08,-33.93314,18.85842,113,13
2013-11-27,16:37:10,-33.93311,18.85836,111,10
2013-11-27,16:37:14,-33.93292,18.85828,108,18
2013-11-27,16:37:18,-33.93278,18.85822,107,19
2013-11-27,16:37:20,-33.93272,18.85811,106,17
2013-11-27,16:37:30,-33.93261,18.85761,104,24
2013-11-27,16:37:38,-33.93267,18.85706,103,15
2013-11-27,16:37:55,-33.93256,18.85686,102,16
2013-11-27,16:38:57,-33.93303,18.85336,98,6
2013-11-27,16:39:02,-33.93311,18.85325,98,15
2013-11-27,16:39:16,-33.93397,18.85275,97,20
2013-11-27,16:39:32,-33.93503,18.85261,97,32
2013-11-27,16:39:55,-33.93644,18.85289,98,15
2013-11-27,16:40:13,-33.93669,18.85306,97,14
2013-11-27,16:40:30,-33.938,18.85319,97,18
2013-11-27,16:40:31,-33.93803,18.85317,97,17
2013-11-27,16:40:32,-33.93803,18.85311,97,19
2013-11-27,16:40:43,-33.93822,18.85225,95,14
2013-11-27,16:40:44,-33.93825,18.85225,95,16
2013-11-27,16:41:46,-33.94017,18.85275,96,10
2013-11-27,16:41:47,-33.94019,18.85267,96,18
2013-11-27,16:41:57,-33.94033,18.85203,94,13
2013-11-27,16:41:58,-33.94036,18.852,94,14
2013-11-27,16:41:59,-33.94042,18.852,94,16
2013-11-27,16:43:14,-33.94431,18.85267,96,4
2013-11-27,16:44:38,-33.95406,18.85586,112,70
2013-11-27,16:45:04,-33.95644,18.85525,112,24
2013-11-27,16:46:18,-33.96372,18.84994,133,51
2013-11-27,16:46:47,-33.96714,18.84522,112,66
2013-11-27,16:46:49,-33.96747,18.84505,111,61
2013-11-27,16:49:09,-33.98325,18.83669,133,92
2013-11-27,16:49:49,-33.98944,18.82764,114,89
2013-11-27,16:50:00,-33.99181,18.82694,100,81
2013-11-27,16:51:53,-34.00139,18.82492,106,27
2013-11-27,16:53:00,-34.01314,18.82153,124,89
2013-11-27,16:54:26,-34.02719,18.82039,105,73
2013-11-27,16:54:41,-34.02989,18.82161,102,49
2013-11-27,16:56:11,-34.03383,18.82364,121,63
2013-11-27,16:56:54,-34.04161,18.82456,159,84
2013-11-27,16:58:23,-34.06039,18.82936,108,92
2013-11-27,17:00:29,-34.06933,18.82556,51,20
2013-11-27,17:00:30,-34.06936,18.82561,51,22
2013-11-27,17:00:32,-34.0695,18.82583,51,35
2013-11-27,17:01:57,-34.07486,18.84072,63,64
2013-11-27,17:02:47,-34.07825,18.84719,49,47
2013-11-27,17:05:40,-34.08428,18.85161,31,10
2013-11-27,17:05:41,-34.08431,18.85161,31,11
2013-11-27,17:05:42,-34.08436,18.85158,31,12
2013-11-27,17:05:56,-34.08456,18.85117,31,11
2013-11-27,17:06:59,-34.08461,18.85108,35,0
2013-11-27,17:08:01,-34.08461,18.85106,36,0
2013-11-27,17:12:02,-34.08458,18.85103,36,0
2013-11-27,17:14:00,-34.08461,18.85103,46,3
2013-11-27,17:14:03,-34.08461,18.85103,45,2
2013-11-27,17:14:04,-34.08461,18.85103,45,2
2013-11-27,17:14:08,-34.08458,18.85106,44,2
2013-11-27,17:14:55,-34.08458,18.85103,45,0
2013-11-27,17:15:01,-34.08458,18.85103,45,0
2013-11-27,17:31:57,-34.08458,18.85103,37,7
2013-11-27,17:32:46,-34.08481,18.85069,33,5
2013-11-27,17:32:48,-34.08478,18.85067,33,7
2013-11-27,17:32:50,-34.08475,18.85067,33,4
2013-11-27,17:32:54,-34.08472,18.85069,33,4
2013-11-27,17:32:56,-34.08469,18.85072,33,5
2013-11-27,17:33:15,-34.0845,18.85122,34,10
2013-11-27,17:33:24,-34.08442,18.85136,35,5
2013-11-27,17:33:27,-34.08436,18.85142,35,5
2013-11-27,17:33:32,-34.08431,18.85142,35,3
2013-11-27,17:33:36,-34.08425,18.85139,35,5
2013-11-27,17:33:43,-34.08417,18.85133,34,8
2013-11-27,17:34:07,-34.08408,18.85122,34,2
2013-11-27,17:36:04,-34.07786,18.84664,50,55
2013-11-27,17:36:33,-34.07592,18.84403,56,35
2013-11-27,17:38:11,-34.06936,18.82536,51,7
2013-11-27,17:38:18,-34.06939,18.82536,51,0
2013-11-27,17:38:23,-34.06928,18.82533,51,14
2013-11-27,17:38:27,-34.06914,18.82533,52,21
2013-11-27,17:40:15,-34.05667,18.82953,129,80
2013-11-27,17:40:50,-34.04961,18.82739,152,92
2013-11-27,17:41:30,-34.04058,18.82425,157,95
2013-11-27,17:42:09,-34.03153,18.82242,104,100
2013-11-27,17:42:33,-34.02644,18.82003,107,80
2013-11-27,17:43:20,-34.02308,18.82008,116,58
2013-11-27,17:45:34,-33.99653,18.82608,88,0
2013-11-27,17:47:28,-33.98961,18.82725,112,42
2013-11-27,17:47:52,-33.98719,18.82922,120,57
2013-11-27,17:48:23,-33.98444,18.83453,130,77
2013-11-27,17:49:00,-33.97864,18.84025,120,74
2013-11-27,17:50:38,-33.96578,18.84608,119,62
2013-11-27,17:52:09,-33.95614,18.85511,115,50
2013-11-27,17:52:24,-33.95375,18.85569,113,64
2013-11-27,17:53:23,-33.94542,18.85286,95,62
2013-11-27,17:55:24,-33.93775,18.85133,95,0
2013-11-27,17:56:06,-33.93669,18.8515,95,41
2013-11-27,17:56:25,-33.93506,18.85222,95,33
2013-11-27,17:56:36,-33.93433,18.85222,96,18
2013-11-27,17:56:38,-33.93431,18.85211,96,18
2013-11-27,17:56:46,-33.93414,18.85156,95,27
2013-11-27,17:56:48,-33.93403,18.85144,95,29
2013-11-27,17:56:51,-33.93386,18.85144,95,31
2013-11-27,17:57:53,-33.927,18.85133,97,47
2013-11-27,17:58:08,-33.92617,18.852,100,8
2013-11-27,17:58:11,-33.92611,18.85197,100,13
2013-11-27,17:58:13,-33.92608,18.85186,100,18
2013-11-27,17:58:27,-33.926,18.85153,99,0
2013-11-27,17:59:06,-33.92597,18.85153,102,2
2013-11-27,17:59:09,-33.92594,18.85156,102,4
2013-11-27,17:59:11,-33.92594,18.85156,101,6
2013-11-27,17:59:14,-33.92592,18.85158,101,6
2013-11-27,17:59:16,-33.92592,18.85161,101,6
2013-11-27,17:59:21,-33.92592,18.85161,101,3
2013-11-27,17:59:24,-33.92592,18.85161,101,2
2013-11-27,17:59:25,-33.92594,18.85164,101,7
2013-11-27,17:59:33,-33.92603,18.85203,101,15
2013-11-27,17:59:34,-33.92603,18.85208,101,18
2013-11-27,17:59:35,-33.926,18.85211,101,20
2013-11-27,17:59:39,-33.92578,18.85217,100,31
2013-11-27,18:01:04,-33.92075,18.85303,102,30
2013-11-27,18:01:08,-33.92053,18.85294,102,25
2013-11-27,18:02:31,-33.91817,18.85086,118,7
2013-11-27,18:02:41,-33.91817,18.85086,118,2
2013-11-27,18:03:00,-33.91817,18.85086,118,2
2013-11-27,18:03:16,-33.91775,18.85028,123,17
2013-11-27,18:03:25,-33.91742,18.84992,125,14
2013-11-27,18:03:27,-33.91742,18.84983,125,3
2013-11-27,18:03:32,-33.91742,18.84981,125,0
2013-11-27,18:03:45,-33.91742,18.84978,124,10
2013-11-27,18:03:49,-33.9175,18.84969,125,14
2013-11-27,18:04:28,-33.91869,18.84853,140,18
2013-11-27,18:05:38,-33.91994,18.84767,150,12
2013-11-27,18:06:00,-33.92,18.84758,150,9
2013-11-27,18:06:04,-33.91994,18.84744,151,17
2013-11-27,18:06:20,-33.91961,18.84669,157,15
2013-11-27,18:06:22,-33.91969,18.84658,158,16
2013-11-27,18:06:53,-33.92103,18.84561,171,14
2013-11-27,18:07:06,-33.92119,18.845,177,19
2013-11-27,18:07:09,-33.92117,18.84481,180,16
2013-11-27,18:08:14,-33.92078,18.84369,186,6
2013-11-27,18:08:16,-33.92075,18.84369,186,8
2013-11-27,18:08:30,-33.92011,18.84386,182,22
2013-11-27,18:08:34,-33.91997,18.84403,181,14
2013-11-27,18:09:45,-33.91875,18.84486,171,16
2013-11-27,18:09:47,-33.91878,18.84503,170,22
2013-11-27,18:10:09,-33.91917,18.84594,167,8
2013-11-27,18:10:14,-33.91917,18.84611,165,12
2013-11-27,18:10:17,-33.91908,18.84617,164,14
2013-11-27,18:10:19,-33.91903,18.84617,163,14
2013-11-27,18:10:25,-33.91886,18.84611,162,8
2013-11-27,18:10:29,-33.91878,18.84603,162,13
2013-11-27,18:10:34,-33.91867,18.84589,162,15
2013-11-27,18:10:35,-33.91861,18.84589,162,17
2013-11-27,18:10:37,-33.91847,18.846,161,24
2013-11-27,18:10:44,-33.91817,18.84622,159,15
2013-11-27,18:10:48,-33.91811,18.84639,157,23
2013-11-27,18:10:53,-33.91808,18.84672,153,19
2013-11-27,18:10:59,-33.91808,18.84697,151,12
2013-11-27,18:11:01,-33.91803,18.84703,150,15
2013-11-27,18:11:07,-33.91775,18.84708,150,20
2013-11-27,18:11:30,-33.91703,18.84681,146,19
2013-11-27,18:11:34,-33.91689,18.84672,145,7
2013-11-27,18:11:39,-33.91681,18.84669,144,10
2013-11-27,18:11:52,-33.91675,18.84667,143,5
2013-11-27,18:12:28,-33.91517,18.84603,132,10
2013-11-27,18:12:31,-33.91511,18.84608,131,18
2013-11-27,18:12:33,-33.91508,18.84619,131,20
2013-11-27,18:13:01,-33.91492,18.84806,124,5
2013-11-27,18:13:03,-33.91494,18.84817,124,15
2013-11-27,18:13:20,-33.91575,18.84919,122,24
2013-11-27,18:13:23,-33.91586,18.84922,122,26
2013-11-27,18:13:29,-33.91619,18.84908,124,16
2013-11-27,18:13:32,-33.91628,18.84917,124,20
2013-11-27,18:13:36,-33.91639,18.8495,122,11
2013-11-27,18:14:04,-33.91742,18.85103,112,34
2013-11-27,18:14:07,-33.91772,18.85108,112,30
2013-11-27,18:14:19,-33.91831,18.85097,114,15
2013-11-27,18:14:23,-33.9185,18.85108,113,17
2013-11-27,18:14:45,-33.91892,18.8515,110,12
2013-11-27,18:14:46,-33.91894,18.85158,109,17
2013-11-27,18:14:50,-33.91886,18.85175,108,21
2013-11-27,18:16:05,-33.91872,18.85217,108,18
2013-11-27,18:16:07,-33.91878,18.85228,108,21
2013-11-27,18:16:33,-33.92092,18.85419,106,45
2013-11-27,18:16:57,-33.92292,18.85475,103,12
2013-11-27,18:16:58,-33.92292,18.85481,103,10
2013-11-27,18:17:01,-33.92289,18.85489,104,9
2013-11-27,18:18:41,-33.92289,18.85503,113,0
2013-11-27,18:19:05,-33.92286,18.85503,113,0
2013-11-27,18:23:43,-33.92283,18.85503,114,0
2013-11-27,18:28:46,-33.92292,18.85503,118,0
2013-11-27,18:33:46,-33.92292,18.85503,114,0
2013-11-27,18:35:52,-33.92292,18.855,113,6
2013-11-27,18:35:54,-33.92292,18.85503,113,7
2013-11-27,18:35:58,-33.92297,18.85508,112,8
2013-11-27,18:36:00,-33.92303,18.85508,113,9
2013-11-27,18:36:01,-33.92306,18.85503,113,10
2013-11-27,18:36:08,-33.92317,18.85489,110,7
2013-11-27,18:36:20,-33.92317,18.85481,110,2
2013-11-27,18:36:22,-33.92311,18.85475,110,13
2013-11-27,18:36:39,-33.92219,18.85439,108,30
2013-11-27,18:36:47,-33.92164,18.85428,108,17
2013-11-27,18:36:49,-33.92161,18.85425,108,17
2013-11-27,18:36:54,-33.92153,18.854,107,10
2013-11-27,18:37:01,-33.92136,18.85392,106,11
2013-11-27,18:37:04,-33.92128,18.85392,106,8
2013-11-27,18:37:06,-33.92125,18.85394,106,5
2013-11-27,18:37:50,-33.92117,18.854,108,7
2013-11-27,18:37:51,-33.92117,18.854,108,10
2013-11-27,18:37:52,-33.92111,18.85397,108,9
2013-11-27,18:37:53,-33.92111,18.85392,107,8
2013-11-27,18:37:54,-33.92111,18.85392,107,7
2013-11-27,18:37:56,-33.92114,18.85386,107,9
2013-11-27,18:37:58,-33.92117,18.85386,107,10
2013-11-27,18:38:00,-33.92122,18.85386,107,12
2013-11-27,18:38:09,-33.92153,18.854,107,15
2013-11-27,18:38:12,-33.92158,18.85408,107,15
2013-11-27,18:38:14,-33.92161,18.85417,107,13
2013-11-27,18:38:15,-33.92158,18.85422,107,10
2013-11-27,18:38:30,-33.92153,18.85428,108,6
2013-11-27,18:38:33,-33.92144,18.85428,108,14
2013-11-27,18:38:42,-33.92086,18.85411,110,32
2013-11-27,18:38:49,-33.92036,18.85364,112,37
2013-11-27,18:39:13,-33.91883,18.85214,110,7
2013-11-27,18:39:16,-33.91881,18.85208,110,10
2013-11-27,18:39:20,-33.91883,18.85194,111,15
2013-11-27,18:39:25,-33.91897,18.85175,112,12
2013-11-27,18:39:34,-33.91911,18.85158,113,10
2013-11-27,18:39:35,-33.91908,18.85153,114,11
2013-11-27,18:39:39,-33.919,18.85147,114,14
2013-11-27,18:40:03,-33.91817,18.85083,119,14
2013-11-27,18:40:11,-33.91806,18.85058,120,10
2013-11-27,18:40:35,-33.91742,18.84986,126,13
2013-11-27,18:40:37,-33.91744,18.84978,126,15
2013-11-27,18:41:03,-33.91825,18.84883,137,11
2013-11-27,18:42:18,-33.91994,18.84769,152,17
2013-11-27,18:42:20,-33.91997,18.84761,152,17
2013-11-27,18:42:22,-33.91994,18.84744,153,20
2013-11-27,18:42:39,-33.91961,18.84667,161,15
2013-11-27,18:42:41,-33.91969,18.84661,162,17
2013-11-27,18:43:21,-33.92106,18.84558,174,14
2013-11-27,18:43:34,-33.92119,18.84497,180,14
2013-11-27,18:43:39,-33.92117,18.84478,182,14
2013-11-27,18:43:51,-33.92106,18.84453,184,3
2013-11-27,18:43:57,-33.92108,18.84456,184,4
2013-11-27,18:43:59,-33.92108,18.84453,184,6
2013-11-27,18:44:02,-33.92111,18.8445,184,7
2013-11-27,18:44:14,-33.92128,18.84436,185,6
2013-11-27,18:46:35,-33.92153,18.84406,193,0
2013-11-27,18:48:52,-33.92155,18.84403,193,0
2013-11-27,18:53:53,-33.92153,18.84403,186,0
2013-11-27,18:58:18,-33.9215,18.844,190,5
2013-11-27,18:58:19,-33.9215,18.844,190,5
2013-11-27,18:58:23,-33.92147,18.84392,190,7
2013-11-27,18:58:26,-33.92144,18.84392,190,2
2013-11-27,18:58:28,-33.92144,18.84392,190,2
2013-11-27,18:58:29,-33.92147,18.84392,190,3
2013-11-27,18:58:37,-33.9215,18.84397,189,4
2013-11-27,18:58:40,-33.92147,18.84403,189,8
2013-11-27,18:58:50,-33.92133,18.84433,187,14
2013-11-27,18:58:54,-33.92122,18.84442,186,14
2013-11-27,18:58:55,-33.92117,18.84447,185,13
2013-11-27,18:59:00,-33.92108,18.84453,185,7
2013-11-27,18:59:02,-33.92108,18.84458,185,10
2013-11-27,18:59:03,-33.92111,18.84467,184,13
2013-11-27,18:59:09,-33.92119,18.84492,181,25
2013-11-27,18:59:12,-33.92114,18.84528,177,32
2013-11-27,18:59:18,-33.921,18.84567,173,22
2013-11-27,18:59:51,-33.91958,18.84669,162,11
2013-11-27,18:59:52,-33.91953,18.84667,162,11
2013-11-27,18:59:54,-33.9195,18.84658,162,13
2013-11-27,19:00:05,-33.91928,18.84608,165,13
2013-11-27,19:00:07,-33.91922,18.84606,166,8
2013-11-27,19:00:10,-33.91919,18.84608,165,7
2013-11-27,19:00:16,-33.91903,18.84617,164,11
2013-11-27,19:00:19,-33.91897,18.84617,164,10
2013-11-27,19:00:28,-33.91881,18.84606,163,10
2013-11-27,19:00:33,-33.91861,18.84592,163,18
2013-11-27,19:00:37,-33.91842,18.84603,161,22
2013-11-27,19:00:44,-33.91817,18.84625,158,17
2013-11-27,19:00:51,-33.91808,18.84664,155,16
2013-11-27,19:00:58,-33.91808,18.84697,152,16
2013-11-27,19:00:59,-33.918,18.84703,151,19
2013-11-27,19:01:06,-33.91769,18.84706,150,21
2013-11-27,19:02:52,-33.91461,18.84575,131,20
2013-11-27,19:02:53,-33.91458,18.84561,130,21
2013-11-27,19:03:05,-33.91444,18.84475,127,25
2013-11-27,19:03:12,-33.91467,18.84439,127,17
2013-11-27,19:03:14,-33.91472,18.84436,127,12
2013-11-27,19:03:15,-33.91478,18.84436,128,15
2013-11-27,19:03:22,-33.91494,18.84453,131,10
2013-11-27,19:03:23,-33.91494,18.84458,131,13
2013-11-27,19:03:25,-33.91489,18.84472,131,21
2013-11-27,19:03:34,-33.91469,18.84519,130,15
2013-11-27,19:03:35,-33.91472,18.84522,130,16
2013-11-27,19:03:41,-33.91492,18.84533,132,15
2013-11-27,19:03:42,-33.91494,18.84533,132,15
2013-11-27,19:03:43,-33.915,18.84525,133,17
2013-11-27,19:04:01,-33.91533,18.84458,135,0
2013-11-27,19:05:51,-33.91536,18.84456,139,6
2013-11-27,19:05:52,-33.91539,18.84456,139,2
2013-11-27,19:05:56,-33.91542,18.84458,139,5
2013-11-27,19:07:08,-33.9155,18.84464,140,0
2013-11-27,19:07:15,-33.91553,18.84461,140,0
2013-11-27,20:03:41,-33.91553,18.84458,136,0
2013-11-27,23:08:14,-33.91553,18.84461,139,0
2013-11-28,03:08:19,-33.91553,18.84458,133,0
2013-11-28,06:29:30,-33.91553,18.84461,140,0
2013-11-28,06:40:55,-33.91536,18.84453,136,5
2013-11-28,06:40:56,-33.91536,18.84447,136,3
2013-11-28,06:41:32,-33.91539,18.84442,132,12
2013-11-28,06:41:34,-33.91536,18.84433,132,19
2013-11-28,06:41:37,-33.91517,18.84422,129,19
2013-11-28,06:41:38,-33.91511,18.84425,129,20
2013-11-28,06:41:40,-33.91508,18.84428,129,22
2013-11-28,06:41:45,-33.91492,18.8445,128,17
2013-11-28,06:41:46,-33.91486,18.8445,127,20
2013-11-28,06:41:51,-33.91464,18.84436,124,16
2013-11-28,06:41:52,-33.91461,18.84439,124,16
2013-11-28,06:41:55,-33.91453,18.8445,123,23
2013-11-28,06:41:59,-33.91439,18.84489,124,30
2013-11-28,06:42:07,-33.91456,18.84572,127,28
2013-11-28,06:42:08,-33.91458,18.84578,128,26
2013-11-28,06:42:09,-33.91467,18.84581,128,26
2013-11-28,06:42:38,-33.91617,18.84647,140,20
2013-11-28,06:42:39,-33.91617,18.84653,139,22
2013-11-28,06:42:42,-33.91614,18.84669,139,30
2013-11-28,06:42:53,-33.91611,18.84858,130,62
2013-11-28,06:43:03,-33.91644,18.84964,125,29
2013-11-28,06:43:20,-33.91761,18.85108,115,51
2013-11-28,06:43:22,-33.91783,18.85106,116,45
2013-11-28,06:43:28,-33.91833,18.851,118,24
2013-11-28,06:43:50,-33.91892,18.85142,114,19
2013-11-28,06:43:56,-33.91908,18.85164,112,14
2013-11-28,06:43:58,-33.91911,18.85161,112,13
2013-11-28,06:43:59,-33.91911,18.85158,112,13
2013-11-28,06:44:00,-33.91908,18.85153,112,15
2013-11-28,06:44:01,-33.91903,18.8515,113,18
2013-11-28,06:44:49,-33.91817,18.85083,120,12
2013-11-28,06:45:15,-33.91772,18.85022,123,4
2013-11-28,06:45:28,-33.91742,18.84992,126,10
2013-11-28,06:45:30,-33.91742,18.84981,126,11
2013-11-28,06:45:32,-33.91744,18.84975,127,14
2013-11-28,06:45:59,-33.91811,18.84892,134,11
2013-11-28,06:46:08,-33.91833,18.84878,137,15
2013-11-28,06:46:55,-33.91992,18.84769,151,15
2013-11-28,06:46:57,-33.91994,18.84753,151,16
2013-11-28,06:47:00,-33.91992,18.84742,153,14
2013-11-28,06:47:31,-33.91933,18.84611,165,21
2013-11-28,06:47:32,-33.91933,18.84606,165,21
2013-11-28,06:47:33,-33.91939,18.84603,166,23
2013-11-28,06:47:59,-33.92075,18.84503,180,21
2013-11-28,06:48:00,-33.92075,18.84494,180,22
2013-11-28,06:48:19,-33.92036,18.84378,186,11
2013-11-28,06:48:20,-33.92033,18.84378,186,11
2013-11-28,06:48:22,-33.92025,18.84378,185,13
2013-11-28,06:49:21,-33.91875,18.84481,168,17
2013-11-28,06:49:24,-33.91872,18.84492,167,20
2013-11-28,06:49:25,-33.91872,18.84497,167,21
2013-11-28,06:49:48,-33.91925,18.84608,165,16
2013-11-28,06:50:19,-33.91994,18.84767,152,20
2013-11-28,06:50:21,-33.91986,18.84775,150,18
2013-11-28,06:51:02,-33.9185,18.84867,142,0
2013-11-28,06:51:43,-33.91739,18.84981,129,15
2013-11-28,06:51:45,-33.91742,18.84992,128,15
2013-11-28,06:51:47,-33.91744,18.84997,127,17
2013-11-28,06:52:07,-33.91811,18.85075,122,15
2013-11-28,06:52:12,-33.91819,18.85094,120,12
2013-11-28,06:53:55,-33.91861,18.85117,116,4
2013-11-28,06:54:10,-33.91867,18.85119,116,2
2013-11-28,06:54:32,-33.91867,18.85125,116,3
2013-11-28,06:54:35,-33.91864,18.85122,116,2
2013-11-28,06:54:40,-33.91864,18.85119,117,2
2013-11-28,06:54:43,-33.91864,18.85117,117,2
2013-11-28,06:55:27,-33.91867,18.85117,119,0
2013-11-28,06:55:41,-33.91869,18.85114,119,0
2013-11-28,07:13:03,-33.91864,18.85125,116,6
2013-11-28,07:13:06,-33.91869,18.85128,116,9
2013-11-28,07:13:14,-33.91892,18.8515,113,13
2013-11-28,07:13:18,-33.91894,18.85158,112,8
2013-11-28,07:13:22,-33.91892,18.85164,112,5
2013-11-28,07:13:40,-33.91875,18.85217,109,18
2013-11-28,07:13:42,-33.91878,18.85225,109,18
2013-11-28,07:14:36,-33.92069,18.85403,109,20
2013-11-28,07:14:48,-33.92122,18.85428,107,16
2013-11-28,07:17:11,-33.92483,18.85544,105,22
2013-11-28,07:17:13,-33.92494,18.85533,105,27
2013-11-28,07:17:21,-33.92556,18.85467,105,55
2013-11-28,07:17:47,-33.93019,18.85364,102,52
2013-11-28,07:18:10,-33.93267,18.85292,100,23
2013-11-28,07:18:12,-33.93278,18.85303,100,23
2013-11-28,07:18:16,-33.93286,18.85328,99,17
2013-11-28,07:18:18,-33.93292,18.85328,99,17
2013-11-28,07:18:19,-33.93294,18.85328,99,20
2013-11-28,07:19:10,-33.93636,18.85286,96,20
2013-11-28,07:19:13,-33.93644,18.85292,97,6
2013-11-28,07:19:20,-33.9365,18.85294,96,6
2013-11-28,07:19:23,-33.93653,18.85303,96,11
2013-11-28,07:19:24,-33.93656,18.85303,96,11
2013-11-28,07:19:41,-33.93797,18.85319,97,25
2013-11-28,07:19:42,-33.938,18.85314,98,23
2013-11-28,07:19:44,-33.93806,18.853,97,27
2013-11-28,07:19:52,-33.93819,18.85233,91,18
2013-11-28,07:19:54,-33.93828,18.85228,92,19
2013-11-28,07:20:21,-33.94014,18.85278,94,10
2013-11-28,07:20:23,-33.94019,18.85269,94,15
2013-11-28,07:21:18,-33.94036,18.85203,98,15
2013-11-28,07:21:20,-33.94047,18.852,98,17
2013-11-28,07:22:48,-33.95389,18.85592,112,76
2013-11-28,07:22:58,-33.95542,18.85569,112,57
2013-11-28,07:24:04,-33.96314,18.85056,139,56
2013-11-28,07:24:45,-33.96811,18.84475,111,50
2013-11-28,07:27:32,-33.98186,18.83822,135,80
2013-11-28,07:27:54,-33.98536,18.83322,133,106
2013-11-28,07:27:59,-33.98611,18.83142,129,114
2013-11-28,07:28:11,-33.98817,18.82853,122,114
2013-11-28,07:28:21,-33.99053,18.82719,110,115
2013-11-28,07:31:09,-34.02692,18.82036,112,113
2013-11-28,07:31:20,-34.03011,18.82178,108,106
2013-11-28,07:31:36,-34.03408,18.82369,126,102
2013-11-28,07:33:03,-34.05669,18.82969,135,103
2013-11-28,07:33:17,-34.06003,18.8295,115,88
2013-11-28,07:35:08,-34.06928,18.82558,54,15
2013-11-28,07:35:10,-34.06936,18.82564,54,24
2013-11-28,07:38:07,-34.07839,18.84733,51,48
2013-11-28,07:38:09,-34.07847,18.84742,51,45
2013-11-28,07:40:51,-34.08433,18.85161,34,20
2013-11-28,07:40:52,-34.08442,18.85153,33,20
2013-11-28,07:41:11,-34.08483,18.85072,29,7
2013-11-28,07:41:13,-34.08481,18.85069,29,6
2013-11-28,07:41:15,-34.08475,18.85069,29,8
2013-11-28,07:41:20,-34.08461,18.85069,31,10
2013-11-28,07:41:23,-34.08458,18.85064,31,10
2013-11-28,07:41:25,-34.08453,18.85061,31,10
2013-11-28,07:41:26,-34.08453,18.85061,31,9
2013-11-28,07:41:27,-34.0845,18.85067,31,5
2013-11-28,07:42:28,-34.0845,18.85067,37,0
2013-11-28,07:42:34,-34.0845,18.85064,37,0
2013-11-28,07:49:49,-34.08458,18.85061,38,5
2013-11-28,07:50:01,-34.08469,18.85069,36,3
2013-11-28,07:50:22,-34.08472,18.85078,35,2
2013-11-28,07:50:25,-34.08469,18.85081,34,3
2013-11-28,07:52:26,-34.08444,18.85125,34,4
2013-11-28,07:52:29,-34.08442,18.85128,34,4
2013-11-28,07:54:30,-34.08442,18.85133,35,3
2013-11-28,07:54:31,-34.08442,18.85133,34,5
2013-11-28,07:54:32,-34.08442,18.85136,34,6
2013-11-28,07:54:36,-34.08439,18.85142,34,5
2013-11-28,07:54:44,-34.08433,18.85142,34,2
2013-11-28,07:54:47,-34.08425,18.85142,34,10
2013-11-28,07:56:59,-34.078,18.84686,54,54
2013-11-28,07:57:21,-34.07592,18.844,57,67
2013-11-28,07:59:36,-34.0705,18.82811,55,1
2013-11-28,08:00:21,-34.06964,18.826,53,0
2013-11-28,08:00:52,-34.06961,18.82597,55,4
2013-11-28,08:01:02,-34.06936,18.82542,55,24
2013-11-28,08:01:04,-34.06925,18.82533,55,26
2013-11-28,08:01:07,-34.06908,18.82536,55,31
2013-11-28,08:02:30,-34.05717,18.82961,124,91
2013-11-28,08:03:01,-34.04975,18.8275,152,110
2013-11-28,08:04:32,-34.02625,18.82003,109,103
2013-11-28,08:04:39,-34.02472,18.82008,112,105
2013-11-28,08:07:32,-33.99722,18.82586,85,0
2013-11-28,08:09:19,-33.98942,18.82736,111,84
2013-11-28,08:09:32,-33.98728,18.82908,120,88
2013-11-28,08:09:41,-33.98594,18.83131,124,91
2013-11-28,08:10:34,-33.97864,18.84025,119,56
2013-11-28,08:12:47,-33.96586,18.84606,117,64
2013-11-28,08:13:17,-33.96342,18.84994,132,2
2013-11-28,08:13:20,-33.96339,18.84994,132,4
2013-11-28,08:13:25,-33.96333,18.84997,132,9
2013-11-28,08:14:45,-33.95736,18.85433,114,29
2013-11-28,08:15:27,-33.955,18.85553,112,59
2013-11-28,08:15:44,-33.95242,18.8555,110,50
2013-11-28,08:17:27,-33.94036,18.85192,94,24
2013-11-28,08:17:28,-33.94033,18.85194,94,24
2013-11-28,08:17:30,-33.94025,18.85219,94,30
2013-11-28,08:18:41,-33.93883,18.85947,103,17
2013-11-28,08:18:42,-33.93881,18.8595,103,16
2013-11-28,08:18:43,-33.93875,18.8595,104,18
2013-11-28,08:19:16,-33.93853,18.85953,111,7
2013-11-28,08:19:20,-33.93842,18.85956,112,20
2013-11-28,08:19:30,-33.93758,18.85958,112,35
2013-11-28,08:19:50,-33.93692,18.85925,108,0
2013-11-28,08:20:23,-33.93594,18.859,107,18
2013-11-28,08:21:27,-33.93369,18.85925,108,34
2013-11-28,08:24:27,-33.92928,18.85742,110,0
2013-11-28,08:24:31,-33.92917,18.85736,110,18
2013-11-28,08:24:54,-33.92758,18.85664,109,33
2013-11-28,08:27:31,-33.9215,18.85425,108,0
2013-11-28,08:27:47,-33.921,18.85414,110,37
2013-11-28,08:28:06,-33.91903,18.85236,111,43
2013-11-28,08:28:10,-33.91883,18.85208,111,28
2013-11-28,08:28:11,-33.91883,18.852,112,29
2013-11-28,08:28:13,-33.91889,18.85183,113,30
2013-11-28,08:28:23,-33.91906,18.85164,113,9
2013-11-28,08:28:27,-33.91911,18.85158,114,12
2013-11-28,08:28:28,-33.91911,18.85153,114,13
2013-11-28,08:28:29,-33.91908,18.8515,114,12
2013-11-28,08:28:30,-33.91903,18.85144,115,17
2013-11-28,08:29:16,-33.91817,18.85092,120,13
2013-11-28,08:29:27,-33.91739,18.85097,118,40
2013-11-28,08:29:29,-33.91719,18.85069,119,41
2013-11-28,08:29:58,-33.91622,18.84892,130,28
2013-11-28,08:30:05,-33.91611,18.84856,132,11
2013-11-28,08:30:38,-33.91606,18.84733,140,33
2013-11-28,08:30:49,-33.91619,18.84653,144,16
2013-11-28,08:30:51,-33.91628,18.8465,144,15
2013-11-28,08:30:52,-33.91631,18.8465,144,17
2013-11-28,08:31:33,-33.918,18.847,147,20
2013-11-28,08:31:35,-33.91808,18.84692,148,18
2013-11-28,08:31:36,-33.91808,18.84686,149,19
2013-11-28,08:31:48,-33.91817,18.84619,154,18
2013-11-28,08:31:52,-33.91831,18.84608,155,18
2013-11-28,08:32:01,-33.91867,18.84586,159,12
2013-11-28,08:32:02,-33.91869,18.84592,159,7
2013-11-28,08:32:14,-33.91878,18.84603,158,14
2013-11-28,08:32:17,-33.91886,18.84611,159,6
2013-11-28,08:32:26,-33.91903,18.84614,159,12
2013-11-28,08:32:28,-33.91914,18.84608,160,12
2013-11-28,08:32:33,-33.91925,18.84606,161,9
2013-11-28,08:32:34,-33.91925,18.84608,160,9
2013-11-28,08:32:35,-33.91928,18.84614,160,12
2013-11-28,08:32:45,-33.91953,18.84658,156,18
2013-11-28,08:32:46,-33.91958,18.84661,156,18
2013-11-28,08:32:47,-33.91961,18.84661,156,19
2013-11-28,08:32:52,-33.91983,18.8465,158,25
2013-11-28,08:33:33,-33.92103,18.84561,169,17
2013-11-28,08:33:37,-33.92114,18.84528,173,28
2013-11-28,08:33:43,-33.92119,18.84489,177,25
2013-11-28,08:33:47,-33.92111,18.84464,180,12
2013-11-28,08:34:25,-33.92078,18.84372,186,15
2013-11-28,08:34:27,-33.92072,18.84369,186,15
2013-11-28,08:34:57,-33.92022,18.84378,184,3
2013-11-28,08:35:03,-33.92008,18.84383,183,16
2013-11-28,08:35:38,-33.91875,18.84478,171,14
2013-11-28,08:35:40,-33.91872,18.84486,170,16
2013-11-28,08:35:42,-33.91878,18.84503,170,19
2013-11-28,08:36:46,-33.91925,18.84606,164,2
2013-11-28,08:36:47,-33.91925,18.84603,165,5
2013-11-28,08:36:52,-33.91925,18.84603,165,4
2013-11-28,08:36:53,-33.91925,18.84606,165,7
2013-11-28,08:36:55,-33.91919,18.84608,164,8
2013-11-28,08:37:04,-33.919,18.84614,163,10
2013-11-28,08:37:09,-33.91889,18.84611,161,10
2013-11-28,08:37:14,-33.91878,18.846,162,15
2013-11-28,08:37:19,-33.91867,18.84586,162,10
2013-11-28,08:37:20,-33.91867,18.84586,161,6
2013-11-28,08:37:43,-33.91861,18.84586,163,2
2013-11-28,08:37:56,-33.91817,18.84619,160,15
2013-11-28,08:37:59,-33.91811,18.84642,159,22
2013-11-28,08:38:10,-33.91803,18.847,153,18
2013-11-28,08:38:11,-33.918,18.84703,153,19
2013-11-28,08:38:35,-33.91767,18.84703,152,17
2013-11-28,08:39:24,-33.91517,18.846,135,11
2013-11-28,08:40:07,-33.91514,18.846,138,0
2013-11-28,08:40:12,-33.91508,18.84603,138,4
2013-11-28,08:40:15,-33.91508,18.84608,138,12
2013-11-28,08:40:29,-33.91486,18.84758,133,42
2013-11-28,08:40:35,-33.91494,18.84811,130,32
2013-11-28,08:40:47,-33.91575,18.84919,126,26
2013-11-28,08:40:48,-33.91583,18.84919,126,25
2013-11-28,08:40:51,-33.916,18.84914,127,26
2013-11-28,08:40:56,-33.91619,18.84908,128,15
2013-11-28,08:40:57,-33.91628,18.84911,128,19
2013-11-28,08:40:59,-33.91631,18.84925,127,23
2013-11-28,08:41:07,-33.91647,18.84967,124,25
2013-11-28,08:41:28,-33.91747,18.85103,116,40
2013-11-28,08:41:32,-33.91775,18.85106,116,37
2013-11-28,08:41:38,-33.91828,18.85097,116,27
2013-11-28,08:41:45,-33.91853,18.85111,115,14
2013-11-28,08:42:43,-33.91908,18.85164,111,9
2013-11-28,08:42:44,-33.91911,18.85161,111,10
2013-11-28,08:42:45,-33.91911,18.85156,112,11
2013-11-28,08:42:46,-33.91911,18.85153,112,10
2013-11-28,08:42:47,-33.91908,18.8515,112,11
2013-11-28,08:42:51,-33.919,18.85147,113,11
2013-11-28,08:43:09,-33.91869,18.85119,114,2
2013-11-28,08:43:11,-33.91869,18.85122,113,2
2013-11-28,08:43:46,-33.91886,18.85133,112,2
2013-11-28,08:43:49,-33.91886,18.85131,112,6
2013-11-28,08:45:11,-33.91886,18.85128,116,0
2013-11-28,08:45:39,-33.91883,18.85131,116,2
2013-11-28,08:45:44,-33.91883,18.85131,116,5
2013-11-28,08:45:47,-33.91872,18.85125,116,13
2013-11-28,08:46:01,-33.91817,18.85083,119,18
2013-11-28,08:46:12,-33.91775,18.85025,123,25
2013-11-28,08:46:20,-33.91742,18.84986,124,14
2013-11-28,08:46:22,-33.91742,18.84978,125,13
2013-11-28,08:46:24,-33.91747,18.84972,126,16
2013-11-28,08:47:28,-33.92,18.84758,151,22
2013-11-28,08:47:29,-33.91994,18.84744,152,25
2013-11-28,08:47:43,-33.91964,18.84669,159,17
2013-11-28,08:47:44,-33.91964,18.84664,160,18
2013-11-28,08:47:46,-33.91967,18.84658,160,20
2013-11-28,08:48:17,-33.92108,18.8455,173,22
2013-11-28,08:48:25,-33.92119,18.84486,181,25
2013-11-28,08:48:34,-33.92108,18.84453,184,10
2013-11-28,08:48:35,-33.92114,18.84447,184,9
2013-11-28,08:48:48,-33.92142,18.84422,186,10
2013-11-28,08:50:14,-33.92147,18.84414,183,0
2013-11-28,08:50:54,-33.92147,18.84417,184,0
2013-11-28,08:53:20,-33.92147,18.84411,189,5
2013-11-28,08:53:27,-33.92153,18.84394,189,8
2013-11-28,08:53:32,-33.92161,18.84389,189,8
2013-11-28,08:53:38,-33.92172,18.84392,188,10
2013-11-28,08:53:42,-33.92186,18.84394,186,17
2013-11-28,08:53:43,-33.92192,18.84392,186,18
2013-11-28,08:53:47,-33.92208,18.84383,183,20
2013-11-28,08:53:49,-33.92217,18.84392,181,26
2013-11-28,08:53:56,-33.92244,18.8445,176,32
2013-11-28,08:54:30,-33.92275,18.84672,154,16
2013-11-28,08:54:32,-33.92267,18.84678,154,16
2013-11-28,08:54:59,-33.92142,18.84761,154,20
2013-11-28,08:55:08,-33.92114,18.84761,154,7
2013-11-28,08:55:11,-33.92111,18.84767,154,10
2013-11-28,08:55:16,-33.92105,18.84783,153,11
2013-11-28,08:55:19,-33.92097,18.84794,152,19
2013-11-28,08:55:44,-33.92003,18.84861,147,8
2013-11-28,08:55:46,-33.92003,18.84864,147,10
2013-11-28,08:55:48,-33.92006,18.84869,146,13
2013-11-28,08:56:14,-33.92056,18.84994,132,20
2013-11-28,08:56:15,-33.92053,18.85,131,21
2013-11-28,08:56:27,-33.92,18.85044,128,27
2013-11-28,08:56:36,-33.91978,18.85106,120,17
2013-11-28,08:56:57,-33.91892,18.85169,118,20
2013-11-28,08:58:02,-33.91869,18.85211,119,11
2013-11-28,08:58:05,-33.91872,18.85219,119,13
2013-11-28,08:58:07,-33.91878,18.85225,119,14
2013-11-28,09:00:17,-33.92072,18.85403,114,0
2013-11-28,09:00:46,-33.92097,18.85419,111,8
2013-11-28,09:03:25,-33.92344,18.85494,112,13
2013-11-28,09:03:27,-33.92344,18.855,112,14
2013-11-28,09:03:45,-33.92311,18.85669,116,35
2013-11-28,09:03:50,-33.92319,18.857,119,21
2013-11-28,09:03:52,-33.92317,18.85711,119,25
2013-11-28,09:03:54,-33.923,18.85731,119,34
2013-11-28,09:04:40,-33.92242,18.85789,118,12
2013-11-28,09:04:42,-33.92239,18.85797,118,14
2013-11-28,09:04:54,-33.92244,18.85925,125,43
2013-11-28,09:05:18,-33.92114,18.864,136,81
2013-11-28,09:05:21,-33.92125,18.86444,137,83
2013-11-28,09:05:23,-33.92142,18.86492,138,84
2013-11-28,09:05:26,-33.92203,18.86564,136,85
2013-11-28,09:05:30,-33.92258,18.86639,131,86
2013-11-28,09:05:47,-33.92364,18.87058,130,76
2013-11-28,09:05:58,-33.92458,18.87136,131,14
2013-11-28,09:05:59,-33.92461,18.87133,131,17
2013-11-28,09:06:00,-33.92469,18.87128,131,25
2013-11-28,09:06:08,-33.92508,18.87061,131,49
2013-11-28,09:06:47,-33.92672,18.86539,118,27
2013-11-28,09:06:51,-33.92678,18.86483,117,46
2013-11-28,09:06:59,-33.92708,18.86392,115,28
2013-11-28,09:07:02,-33.92719,18.86383,115,26
2013-11-28,09:07:04,-33.92742,18.86392,115,34
2013-11-28,09:07:19,-33.92847,18.86411,113,11
2013-11-28,09:07:20,-33.9285,18.86408,113,11
2013-11-28,09:07:21,-33.9285,18.86406,113,11
2013-11-28,09:07:35,-33.92853,18.8635,111,7
2013-11-28,09:07:38,-33.9285,18.86347,111,8
2013-11-28,09:07:40,-33.92842,18.86342,112,13
2013-11-28,09:07:44,-33.92833,18.86342,112,12
2013-11-28,09:08:02,-33.92825,18.86344,113,4
2013-11-28,09:08:05,-33.92825,18.8635,113,7
2013-11-28,09:08:07,-33.92828,18.86356,113,8
2013-11-28,09:08:09,-33.92831,18.86358,114,6
2013-11-28,09:08:37,-33.92853,18.86361,112,4
2013-11-28,09:08:39,-33.92853,18.86364,113,5
2013-11-28,09:08:41,-33.9285,18.86369,112,6
2013-11-28,09:08:55,-33.92844,18.86403,113,10
2013-11-28,09:08:57,-33.92842,18.86408,113,12
2013-11-28,09:09:00,-33.92833,18.86408,113,20
2013-11-28,09:09:13,-33.92728,18.86381,113,22
2013-11-28,09:09:15,-33.92719,18.86372,114,18
2013-11-28,09:09:17,-33.92719,18.86361,114,19
2013-11-28,09:09:20,-33.92719,18.8635,114,25
2013-11-28,09:09:38,-33.92803,18.86158,112,21
2013-11-28,09:09:41,-33.928,18.86147,113,20
2013-11-28,09:09:42,-33.92789,18.86142,113,24
2013-11-28,09:10:21,-33.92619,18.86086,112,10
2013-11-28,09:10:22,-33.92619,18.86089,111,10
2013-11-28,09:10:23,-33.92617,18.86092,111,9
2013-11-28,09:10:25,-33.92619,18.86094,111,2
2013-11-28,09:10:26,-33.92619,18.86094,111,2
2013-11-28,09:10:28,-33.92619,18.86094,112,2
2013-11-28,09:10:29,-33.92617,18.86092,112,4
2013-11-28,09:10:31,-33.92619,18.86089,112,4
2013-11-28,09:10:40,-33.92619,18.86083,113,2
2013-11-28,09:10:41,-33.92619,18.86083,114,4
2013-11-28,09:10:44,-33.92622,18.86086,114,5
2013-11-28,09:10:45,-33.92625,18.86086,114,8
2013-11-28,09:11:30,-33.928,18.86144,111,10
2013-11-28,09:11:33,-33.92808,18.86142,111,15
2013-11-28,09:11:35,-33.92811,18.86122,111,25
2013-11-28,09:12:08,-33.92839,18.85894,110,12
2013-11-28,09:12:09,-33.92836,18.85886,110,17
2013-11-28,09:12:11,-33.92828,18.85881,110,23
2013-11-28,09:12:24,-33.92756,18.85844,109,16
2013-11-28,09:12:25,-33.92753,18.85842,109,16
2013-11-28,09:12:26,-33.92758,18.85831,108,19
2013-11-28,09:12:45,-33.92797,18.85692,106,12
2013-11-28,09:12:46,-33.92794,18.85689,106,14
2013-11-28,09:12:50,-33.92775,18.85678,106,26
2013-11-28,09:15:18,-33.91928,18.85264,111,42
2013-11-28,09:15:25,-33.91883,18.85211,112,26
2013-11-28,09:15:27,-33.91883,18.85197,112,23
2013-11-28,09:15:30,-33.91889,18.85183,113,25
2013-11-28,09:15:34,-33.91903,18.85158,114,20
2013-11-28,09:15:36,-33.919,18.85147,116,19
2013-11-28,09:15:37,-33.91897,18.85144,116,18
2013-11-28,09:16:33,-33.9185,18.85103,124,0
2013-11-28,09:16:39,-33.9185,18.85103,124,0
2013-11-28,09:17:31,-33.91853,18.85103,122,4
2013-11-28,09:17:34,-33.91842,18.85103,122,9
2013-11-28,09:17:37,-33.91842,18.851,122,5
2013-11-28,09:17:38,-33.91842,18.85097,122,4
2013-11-28,09:17:48,-33.91842,18.85097,123,2
2013-11-28,09:17:49,-33.91842,18.85097,123,2
2013-11-28,09:17:54,-33.91842,18.85103,123,2
2013-11-28,09:17:56,-33.91842,18.85103,123,2
2013-11-28,09:18:48,-33.91842,18.85106,120,0
2013-11-28,09:22:36,-33.91842,18.85103,125,0
2013-11-28,09:22:39,-33.91842,18.85103,124,0
2013-11-28,09:53:13,-33.91842,18.85103,119,0
2013-11-28,10:24:22,-33.91836,18.85097,122,0
2013-11-28,10:24:30,-33.91786,18.85103,121,46
2013-11-28,10:24:32,-33.9175,18.85103,120,53
2013-11-28,10:24:34,-33.91728,18.85086,121,53
2013-11-28,10:24:54,-33.91636,18.84936,131,17
2013-11-28,10:25:00,-33.91622,18.84908,131,25
2013-11-28,10:25:01,-33.91617,18.84908,130,23
2013-11-28,10:25:02,-33.91603,18.84911,128,32
2013-11-28,10:25:05,-33.91578,18.84917,124,30
2013-11-28,10:25:07,-33.91572,18.84914,123,33
2013-11-28,10:25:08,-33.91553,18.84892,125,42
2013-11-28,10:25:18,-33.91494,18.84808,128,41
2013-11-28,10:25:19,-33.91492,18.84783,129,43
2013-11-28,10:25:26,-33.91494,18.84711,132,25
2013-11-28,10:26:01,-33.91511,18.84603,138,12
2013-11-28,10:27:05,-33.91517,18.84603,141,8
2013-11-28,10:27:07,-33.91525,18.84603,141,15
2013-11-28,10:27:24,-33.91617,18.84644,146,23
2013-11-28,10:27:25,-33.91617,18.84653,146,26
2013-11-28,10:27:26,-33.91617,18.84661,146,32
2013-11-28,10:27:39,-33.91611,18.84858,135,59
2013-11-28,10:27:48,-33.91644,18.84961,130,26
2013-11-28,10:28:06,-33.91744,18.851,120,49
2013-11-28,10:28:08,-33.91769,18.85106,121,52
2013-11-28,10:28:15,-33.91847,18.85103,122,37
2013-11-28,10:29:20,-33.91872,18.85133,118,0
2013-11-28,10:39:22,-33.91875,18.85133,120,4
2013-11-28,10:39:26,-33.91883,18.85136,119,10
2013-11-28,10:41:20,-33.92069,18.85311,106,3
2013-11-28,10:42:29,-33.92606,18.85214,105,11
2013-11-28,10:42:38,-33.92653,18.85175,104,37
2013-11-28,10:42:46,-33.92733,18.85119,103,51
2013-11-28,10:42:53,-33.92811,18.85111,102,53
2013-11-28,10:43:32,-33.9325,18.85206,101,18
2013-11-28,10:43:54,-33.93392,18.8515,98,22
2013-11-28,10:43:55,-33.934,18.85158,98,24
2013-11-28,10:43:57,-33.93408,18.85169,98,24
2013-11-28,10:44:16,-33.93417,18.85192,99,0
2013-11-28,10:44:48,-33.93422,18.85222,100,7
2013-11-28,10:44:59,-33.93419,18.85231,100,12
2013-11-28,10:45:02,-33.93414,18.85236,100,17
2013-11-28,10:45:06,-33.93383,18.85247,99,31
2013-11-28,10:45:19,-33.93281,18.85272,99,21
2013-11-28,10:45:20,-33.93278,18.85278,99,21
2013-11-28,10:45:22,-33.93275,18.853,100,26
2013-11-28,10:46:01,-33.93244,18.85767,107,10
2013-11-28,10:46:03,-33.9325,18.85769,107,8
2013-11-28,10:46:08,-33.93258,18.85775,107,13
2013-11-28,10:46:10,-33.93261,18.85783,106,14
2013-11-28,10:46:16,-33.93269,18.85814,107,13
2013-11-28,10:46:18,-33.93275,18.85817,107,10
2013-11-28,10:47:15,-33.93297,18.85822,112,4
2013-11-28,10:47:16,-33.933,18.85819,112,5
2013-11-28,10:47:18,-33.933,18.85819,112,6
2013-11-28,10:47:20,-33.933,18.85817,113,6
2013-11-28,10:47:21,-33.93297,18.85814,113,6
2013-11-28,10:47:23,-33.93292,18.85811,112,11
2013-11-28,10:47:27,-33.93278,18.85814,111,12
2013-11-28,10:47:29,-33.93278,18.85811,111,12
2013-11-28,10:47:32,-33.93272,18.85803,111,6
2013-11-28,10:47:33,-33.93269,18.85803,111,6
2013-11-28,10:47:34,-33.93269,18.85806,111,6
2013-11-28,10:47:42,-33.93269,18.85808,110,2
2013-11-28,10:47:45,-33.93269,18.85808,110,4
2013-11-28,10:47:48,-33.93267,18.85814,110,11
2013-11-28,10:47:50,-33.93269,18.85825,110,13
2013-11-28,10:48:48,-33.93278,18.8585,118,2
2013-11-28,10:49:18,-33.93272,18.85819,114,5
2013-11-28,10:49:19,-33.93275,18.85814,114,4
2013-11-28,10:49:42,-33.93269,18.85792,113,3
2013-11-28,10:49:47,-33.93267,18.85783,112,5
2013-11-28,10:49:50,-33.93269,18.85783,113,2
2013-11-28,10:49:52,-33.93269,18.85783,113,3
2013-11-28,10:49:54,-33.93272,18.85781,112,2
2013-11-28,10:50:03,-33.93281,18.85781,112,4
2013-11-28,10:50:05,-33.93281,18.85783,112,2
2013-11-28,10:50:09,-33.93283,18.85786,111,5
2013-11-28,10:50:11,-33.93283,18.85786,112,2
2013-11-28,10:50:14,-33.93281,18.85789,112,2
2013-11-28,10:51:01,-33.93281,18.85794,118,0
2013-11-28,10:51:16,-33.93286,18.85794,119,0
2013-11-28,11:19:23,-33.93281,18.85786,108,5
2013-11-28,11:19:26,-33.93278,18.85783,108,9
2013-11-28,11:19:27,-33.93278,18.85781,108,12
2013-11-28,11:19:28,-33.93269,18.85781,108,10
2013-11-28,11:19:32,-33.93269,18.85783,109,2
2013-11-28,11:19:33,-33.93269,18.85781,109,3
2013-11-28,11:19:41,-33.93272,18.85778,108,2
2013-11-28,11:19:44,-33.93275,18.85778,109,2
2013-11-28,11:19:50,-33.93275,18.85778,109,2
2013-11-28,11:19:54,-33.93275,18.85781,109,2
2013-11-28,11:19:56,-33.93278,18.85781,110,3
2013-11-28,11:20:03,-33.93278,18.85781,110,2
2013-11-28,11:20:07,-33.93281,18.85778,109,2
2013-11-28,11:20:08,-33.93281,18.85781,109,3
2013-11-28,11:20:10,-33.93281,18.85783,109,2
2013-11-28,11:20:13,-33.93281,18.85783,110,4
2013-11-28,11:20:17,-33.93281,18.85786,109,2
2013-11-28,11:20:24,-33.93278,18.85792,109,2
2013-11-28,11:20:57,-33.93278,18.85794,107,0
2013-11-28,11:30:50,-33.93283,18.85786,107,10
2013-11-28,11:30:52,-33.93283,18.85783,107,12
2013-11-28,11:30:53,-33.93278,18.85781,106,13
2013-11-28,11:30:54,-33.93275,18.85781,106,13
2013-11-28,11:30:55,-33.93272,18.85783,106,13
2013-11-28,11:30:57,-33.93269,18.85786,106,14
2013-11-28,11:30:58,-33.93269,18.85792,106,15
2013-11-28,11:31:01,-33.93278,18.85814,107,19
2013-11-28,11:31:03,-33.93283,18.85819,107,19
2013-11-28,11:31:10,-33.93314,18.85836,107,17
2013-11-28,11:31:11,-33.93314,18.85842,108,15
2013-11-28,11:31:12,-33.93311,18.85847,108,14
2013-11-28,11:33:15,-33.93306,18.85858,116,0
2013-11-28,11:34:34,-33.93306,18.85858,115,5
2013-11-28,11:34:35,-33.93306,18.85861,115,5
2013-11-28,11:35:51,-33.93306,18.85867,119,0
2013-11-28,11:36:39,-33.93306,18.85872,122,0
2013-11-28,11:40:52,-33.933,18.85867,116,0
2013-11-28,11:42:23,-33.93303,18.85869,121,2
2013-11-28,11:42:26,-33.93306,18.85867,121,4
2013-11-28,11:42:49,-33.93306,18.85856,120,2
2013-11-28,11:43:27,-33.93306,18.85856,120,0
2013-11-28,11:43:36,-33.93308,18.85853,119,1
2013-11-28,11:43:46,-33.93308,18.85853,119,6
2013-11-28,11:43:54,-33.93311,18.85853,118,3
2013-11-28,11:44:00,-33.93311,18.8585,117,5
2013-11-28,11:44:06,-33.93311,18.8585,116,2
2013-11-28,11:44:11,-33.93308,18.85847,116,3
2013-11-28,11:44:18,-33.93306,18.85833,115,8
2013-11-28,11:44:20,-33.93303,18.85831,115,9
2013-11-28,11:44:25,-33.93294,18.85825,113,10
2013-11-28,11:44:28,-33.93283,18.85819,113,11
2013-11-28,11:44:33,-33.93275,18.85811,112,9
2013-11-28,11:44:36,-33.93269,18.85806,113,6
2013-11-28,11:44:38,-33.93267,18.85808,113,6
2013-11-28,11:44:43,-33.93267,18.85808,112,2
2013-11-28,11:44:45,-33.93267,18.85811,112,5
2013-11-28,11:44:46,-33.93269,18.85817,112,10
2013-11-28,11:44:50,-33.93272,18.85828,112,11
2013-11-28,11:44:57,-33.93278,18.8585,112,11
2013-11-28,11:45:00,-33.93283,18.8585,114,4
2013-11-28,11:45:01,-33.93283,18.85853,115,6
2013-11-28,11:45:04,-33.93289,18.85853,115,2
2013-11-28,11:45:06,-33.93292,18.85853,115,4
2013-11-28,11:45:38,-33.93303,18.85858,109,0
2013-11-28,12:03:38,-33.93314,18.85861,111,5
2013-11-28,12:03:40,-33.93317,18.85856,111,10
2013-11-28,12:03:45,-33.93317,18.85839,110,14
2013-11-28,12:03:46,-33.93311,18.85833,110,12
2013-11-28,12:03:48,-33.93306,18.85831,110,13
2013-11-28,12:03:50,-33.933,18.85825,110,17
2013-11-28,12:03:52,-33.93292,18.85819,110,17
2013-11-28,12:03:56,-33.93281,18.85811,110,16
2013-11-28,12:03:58,-33.93275,18.85797,109,19
2013-11-28,12:04:04,-33.93264,18.85764,109,22
2013-11-28,12:04:14,-33.93267,18.85703,107,12
2013-11-28,12:04:30,-33.93256,18.85686,105,15
2013-11-28,12:05:24,-33.93297,18.85286,100,18
2013-11-28,12:05:25,-33.933,18.85281,100,19
2013-11-28,12:05:26,-33.93306,18.85278,100,21
2013-11-28,12:05:37,-33.93378,18.85267,100,18
2013-11-28,12:06:32,-33.9375,18.85147,100,55
2013-11-28,12:09:32,-33.9495,18.85475,108,55
2013-11-28,12:10:02,-33.95428,18.85592,120,72
2013-11-28,12:10:32,-33.9565,18.85519,119,4
2013-11-28,12:10:46,-33.95733,18.85464,120,47
2013-11-28,12:11:34,-33.96311,18.85075,140,21
2013-11-28,12:11:36,-33.96317,18.85075,140,21
2013-11-28,12:11:38,-33.96325,18.85092,140,22
2013-11-28,12:11:40,-33.96328,18.85103,141,19
2013-11-28,12:13:14,-33.96328,18.85131,146,5
2013-11-28,12:13:16,-33.96331,18.85131,146,7
2013-11-28,12:13:17,-33.96333,18.85131,146,8
2013-11-28,12:13:18,-33.96333,18.85128,146,7
2013-11-28,12:13:20,-33.96336,18.85125,146,5
2013-11-28,12:13:29,-33.96336,18.85125,145,3
2013-11-28,12:13:32,-33.96333,18.85125,145,2
2013-11-28,12:13:44,-33.96325,18.85053,142,26
2013-11-28,12:13:46,-33.96333,18.85039,142,31
2013-11-28,12:14:21,-33.96725,18.84517,117,76
2013-11-28,12:15:48,-33.97608,18.84161,116,49
2013-11-28,12:17:15,-33.98294,18.83706,138,74
2013-11-28,12:18:07,-33.98517,18.83369,137,5
2013-11-28,12:18:35,-33.98728,18.82944,128,84
2013-11-28,12:18:48,-33.98933,18.82769,119,84
2013-11-28,12:18:59,-33.99178,18.82694,103,80
2013-11-28,12:20:51,-34.00917,18.82264,124,85
2013-11-28,12:21:59,-34.02261,18.82036,120,69
2013-11-28,12:22:18,-34.02508,18.82019,112,19
2013-11-28,12:22:20,-34.02514,18.82017,112,13
2013-11-28,12:22:23,-34.02517,18.82008,113,15
2013-11-28,12:23:07,-34.02667,18.81228,99,21
2013-11-28,12:23:08,-34.02664,18.81225,99,22
2013-11-28,12:23:11,-34.0265,18.81219,99,28
2013-11-28,12:23:46,-34.02183,18.81172,95,14
2013-11-28,12:23:53,-34.02144,18.81117,96,42
2013-11-28,12:24:09,-34.02056,18.80911,102,33
2013-11-28,12:24:13,-34.02058,18.80878,102,21
2013-11-28,12:24:16,-34.02067,18.80864,102,18
2013-11-28,12:24:18,-34.02075,18.80858,101,21
2013-11-28,12:24:21,-34.02086,18.80858,101,27
2013-11-28,12:24:31,-34.02175,18.80886,95,33
2013-11-28,12:24:33,-34.02186,18.80872,94,36
2013-11-28,12:24:43,-34.02217,18.80772,92,33
2013-11-28,12:25:53,-34.02328,18.80158,85,31
2013-11-28,12:26:23,-34.02381,18.79917,79,25
2013-11-28,12:29:03,-34.02586,18.79686,71,2
2013-11-28,12:29:07,-34.02583,18.79683,71,5
2013-11-28,12:29:08,-34.02583,18.79681,71,4
2013-11-28,12:29:12,-34.02581,18.79681,72,2
2013-11-28,12:29:18,-34.02581,18.79683,72,4
2013-11-28,12:29:20,-34.02578,18.79689,72,7
2013-11-28,12:30:15,-34.02353,18.79975,78,34
2013-11-28,12:30:58,-34.02291,18.80353,86,33
2013-11-28,12:31:52,-34.02178,18.80881,95,32
2013-11-28,12:31:54,-34.02161,18.80886,96,34
2013-11-28,12:31:57,-34.02136,18.80878,98,38
2013-11-28,12:32:04,-34.02069,18.80858,102,32
2013-11-28,12:32:05,-34.02064,18.80864,103,32
2013-11-28,12:32:08,-34.02056,18.80881,104,35
2013-11-28,12:32:10,-34.02053,18.80917,104,43
2013-11-28,12:32:15,-34.02075,18.80969,101,54
2013-11-28,12:32:26,-34.02178,18.81164,96,60
2013-11-28,12:32:31,-34.02231,18.81192,96,59
2013-11-28,12:33:01,-34.02667,18.81231,98,13
2013-11-28,12:33:04,-34.02667,18.81242,99,18
2013-11-28,12:33:06,-34.02667,18.81253,99,25
2013-11-28,12:34:07,-34.02511,18.81875,112,66
2013-11-28,12:34:20,-34.02511,18.82008,116,21
2013-11-28,12:34:23,-34.02519,18.82019,116,25
2013-11-28,12:34:25,-34.02544,18.82025,116,38
2013-11-28,12:34:46,-34.02897,18.82106,108,88
2013-11-28,12:36:00,-34.04478,18.82539,163,93
2013-11-28,12:37:06,-34.05711,18.82975,133,90
2013-11-28,12:37:24,-34.06144,18.82892,107,92
2013-11-28,12:38:24,-34.06925,18.82553,58,17
2013-11-28,12:38:27,-34.06936,18.82558,57,21
2013-11-28,12:38:28,-34.06942,18.82572,57,25
2013-11-28,12:41:04,-34.07461,18.84003,67,54
2013-11-28,12:41:28,-34.07575,18.84378,58,51
2013-11-28,12:41:35,-34.07614,18.84475,55,57
2013-11-28,12:41:59,-34.07872,18.84756,52,27
2013-11-28,12:43:53,-34.08411,18.85147,38,21
2013-11-28,12:43:58,-34.08428,18.85161,37,17
2013-11-28,12:43:59,-34.08433,18.85161,37,16
2013-11-28,12:44:00,-34.08436,18.85158,37,16
2013-11-28,12:44:32,-34.08494,18.8505,35,13
2013-11-28,12:45:46,-34.08508,18.85031,40,2
2013-11-28,12:45:49,-34.08508,18.85028,41,3
2013-11-28,12:45:51,-34.08506,18.85025,41,6
2013-11-28,12:45:54,-34.085,18.85025,41,10
2013-11-28,12:45:55,-34.085,18.85028,40,10
2013-11-28,12:45:56,-34.08494,18.85033,40,11
2013-11-28,12:46:08,-34.0848,18.85064,40,12
2013-11-28,12:46:24,-34.08453,18.85111,39,10
2013-11-28,12:46:29,-34.08444,18.85117,40,2
2013-11-28,12:48:28,-34.08442,18.85119,48,0
2013-11-28,12:50:29,-34.08442,18.85119,45,3
2013-11-28,12:50:32,-34.08442,18.85125,45,5
2013-11-28,12:50:37,-34.08442,18.85133,44,5
2013-11-28,12:50:39,-34.08436,18.85139,44,8
2013-11-28,12:50:46,-34.08433,18.85144,43,2
2013-11-28,12:50:50,-34.08428,18.85144,43,11
2013-11-28,12:50:51,-34.08419,18.85142,43,17
2013-11-28,12:51:09,-34.0835,18.85083,40,0
2013-11-28,12:52:17,-34.07711,18.84583,58,63
2013-11-28,12:53:01,-34.07583,18.84394,62,34
2013-11-28,12:53:34,-34.07453,18.83986,70,16
2013-11-28,12:53:35,-34.0745,18.83983,70,19
2013-11-28,12:53:36,-34.07444,18.83983,71,21
2013-11-28,12:53:37,-34.07442,18.83986,71,21
2013-11-28,12:53:47,-34.07378,18.84033,77,31
2013-11-28,12:53:50,-34.07361,18.84025,78,34
2013-11-28,12:56:05,-34.06353,18.83333,137,12
2013-11-28,12:56:07,-34.06344,18.83339,138,17
2013-11-28,12:56:12,-34.06328,18.83369,141,32
2013-11-28,12:58:07,-34.05603,18.84389,228,31
2013-11-28,12:58:11,-34.05569,18.84392,228,29
2013-11-28,12:58:20,-34.05528,18.84375,227,16
2013-11-28,12:58:21,-34.05525,18.84369,227,8
2013-11-28,12:58:43,-34.05522,18.84367,228,2
2013-11-28,12:59:07,-34.05519,18.84367,228,4
2013-11-28,12:59:08,-34.05517,18.84367,228,11
2013-11-28,13:00:05,-34.05125,18.84383,215,46
2013-11-28,13:00:18,-34.05061,18.84433,217,36
2013-11-28,13:00:29,-34.04978,18.845,229,31
2013-11-28,13:00:34,-34.04944,18.845,232,21
2013-11-28,13:00:37,-34.04936,18.84494,234,15
2013-11-28,13:00:38,-34.04933,18.84486,235,16
2013-11-28,13:01:16,-34.04903,18.84295,236,6
2013-11-28,13:01:29,-34.04903,18.84242,237,15
2013-11-28,13:01:44,-34.04908,18.84169,235,8
2013-11-28,13:02:08,-34.04906,18.84161,236,12
2013-11-28,13:02:17,-34.04878,18.84133,241,17
2013-11-28,13:02:18,-34.04875,18.84133,242,17
2013-11-28,13:02:19,-34.04869,18.84144,243,21
2013-11-28,13:03:16,-34.04825,18.84486,253,11
2013-11-28,13:03:17,-34.04828,18.84489,252,13
2013-11-28,13:03:19,-34.04831,18.84492,252,15
2013-11-28,13:03:20,-34.04833,18.84494,251,18
2013-11-28,13:03:43,-34.04983,18.84497,232,33
2013-11-28,13:03:52,-34.05067,18.84433,220,50
2013-11-28,13:04:04,-34.05131,18.84383,220,30
2013-11-28,13:04:43,-34.05408,18.84342,221,22
2013-11-28,13:05:12,-34.05517,18.84369,227,12
2013-11-28,13:05:58,-34.05697,18.84017,221,12
2013-11-28,13:05:59,-34.05694,18.84011,220,16
2013-11-28,13:06:01,-34.05689,18.84003,220,23
2013-11-28,13:06:19,-34.05597,18.83847,213,15
2013-11-28,13:06:50,-34.05417,18.83481,193,63
2013-11-28,13:07:11,-34.05294,18.83125,173,51
2013-11-28,13:07:51,-34.05311,18.82828,166,17
2013-11-28,13:07:53,-34.05303,18.82825,167,20
2013-11-28,13:08:00,-34.05247,18.82808,165,37
2013-11-28,13:08:25,-34.05061,18.82764,151,40
2013-11-28,13:08:29,-34.05036,18.82742,148,41
2013-11-28,13:08:49,-34.04933,18.82614,146,13
2013-11-28,13:08:52,-34.04925,18.82617,147,19
2013-11-28,13:09:03,-34.04853,18.82669,153,22
2013-11-28,13:09:05,-34.04842,18.82664,153,27
2013-11-28,13:09:49,-34.04217,18.82444,158,56
2013-11-28,13:10:47,-34.03136,18.82233,104,87
2013-11-28,13:11:12,-34.02667,18.82003,108,81
2013-11-28,13:11:25,-34.02367,18.82008,115,79
2013-11-28,13:12:33,-34.01044,18.82203,126,78
2013-11-28,13:15:02,-33.98794,18.82839,121,65
2013-11-28,13:15:18,-33.98622,18.83069,129,71
2013-11-28,13:16:03,-33.98144,18.83828,135,68
2013-11-28,13:16:29,-33.97725,18.84083,122,70
2013-11-28,13:16:48,-33.975,18.84192,112,12
2013-11-28,13:16:49,-33.975,18.84194,112,12
2013-11-28,13:16:50,-33.97503,18.842,112,12
2013-11-28,13:16:52,-33.97511,18.842,113,19
2013-11-28,13:18:56,-33.97528,18.84194,121,0
2013-11-28,13:19:14,-33.97528,18.84194,121,2
2013-11-28,13:19:29,-33.97514,18.842,119,5
2013-11-28,13:19:32,-33.97511,18.84203,118,3
2013-11-28,13:20:04,-33.97511,18.84206,113,2
2013-11-28,13:20:14,-33.97494,18.84183,113,17
2013-11-28,13:20:22,-33.97486,18.84142,110,20
2013-11-28,13:20:24,-33.97483,18.84125,109,14
2013-11-28,13:20:25,-33.97481,18.84125,109,13
2013-11-28,13:20:26,-33.97478,18.84125,109,14
2013-11-28,13:20:28,-33.97475,18.84128,109,14
2013-11-28,13:20:29,-33.97475,18.84133,109,16
2013-11-28,13:21:33,-33.97486,18.84167,110,0
2013-11-28,13:21:40,-33.97483,18.84178,109,13
2013-11-28,13:21:42,-33.97475,18.84186,109,22
2013-11-28,13:22:28,-33.96919,18.84403,107,21
2013-11-28,13:22:30,-33.96911,18.844,107,16
2013-11-28,13:22:32,-33.96906,18.84392,107,18
2013-11-28,13:22:39,-33.96892,18.84358,105,12
2013-11-28,13:22:40,-33.96892,18.84358,105,12
2013-11-28,13:22:41,-33.96886,18.84361,105,12
2013-11-28,13:22:42,-33.96886,18.84364,105,12
2013-11-28,13:22:44,-33.96886,18.84367,105,15
2013-11-28,13:22:51,-33.96892,18.84408,107,22
2013-11-28,13:22:53,-33.96883,18.84419,108,24
2013-11-28,13:23:25,-33.96558,18.84639,125,59
2013-11-28,13:24:03,-33.96303,18.85047,141,14
2013-11-28,13:24:05,-33.96306,18.85056,141,14
2013-11-28,13:24:12,-33.96319,18.85075,142,15
2013-11-28,13:24:13,-33.96322,18.85069,142,16
2013-11-28,13:24:18,-33.96328,18.85042,141,27
2013-11-28,13:24:51,-33.96669,18.8455,118,73
2013-11-28,13:25:56,-33.97508,18.84203,111,26
2013-11-28,13:26:35,-33.97533,18.84194,113,0
2013-11-28,13:26:45,-33.97536,18.84192,114,0
2013-11-28,13:37:33,-33.97525,18.842,109,5
2013-11-28,13:37:40,-33.97514,18.84208,109,5
2013-11-28,13:38:13,-33.97511,18.84208,109,3
2013-11-28,13:38:31,-33.97497,18.84183,108,18
2013-11-28,13:38:42,-33.97483,18.84125,105,12
2013-11-28,13:38:44,-33.97478,18.84125,105,14
2013-11-28,13:38:45,-33.97475,18.84131,105,14
2013-11-28,13:38:47,-33.97478,18.84139,106,15
2013-11-28,13:39:59,-33.97483,18.84175,109,9
2013-11-28,13:40:02,-33.97478,18.84186,109,11
2013-11-28,13:40:49,-33.97467,18.84189,107,0
2013-11-28,13:50:45,-33.97458,18.84192,107,16
2013-11-28,13:51:28,-33.96853,18.84431,109,2
2013-11-28,13:51:30,-33.96853,18.84428,108,4
2013-11-28,13:52:06,-33.96853,18.84428,108,5
2013-11-28,13:52:29,-33.96614,18.84569,121,69
2013-11-28,13:53:13,-33.96319,18.85028,139,2
2013-11-28,13:53:17,-33.96319,18.85028,139,3
2013-11-28,13:53:40,-33.96303,18.8505,139,17
2013-11-28,13:53:41,-33.96303,18.85056,139,20
2013-11-28,13:53:44,-33.96314,18.85072,139,26
2013-11-28,13:53:52,-33.96342,18.85142,141,38
2013-11-28,13:53:57,-33.96353,18.852,142,40
2013-11-28,13:54:00,-33.96369,18.85217,143,41
2013-11-28,13:54:16,-33.96533,18.85286,145,23
2013-11-28,13:54:17,-33.96533,18.85303,145,25
2013-11-28,13:54:44,-33.96467,18.85583,153,11
2013-11-28,13:54:45,-33.96461,18.85583,152,16
2013-11-28,13:54:48,-33.96453,18.85578,152,23
2013-11-28,13:54:51,-33.96422,18.85572,152,36
2013-11-28,13:54:53,-33.96403,18.85583,151,44
2013-11-28,13:55:06,-33.96286,18.85711,145,19
2013-11-28,13:55:08,-33.96286,18.85722,145,18
2013-11-28,13:55:10,-33.96292,18.85733,145,27
2013-11-28,13:55:15,-33.96325,18.85778,147,47
2013-11-28,13:55:38,-33.96508,18.86003,155,29
2013-11-28,13:55:39,-33.96503,18.86022,154,32
2013-11-28,13:55:45,-33.96486,18.86072,153,22
2013-11-28,13:55:46,-33.96489,18.86078,154,22
2013-11-28,13:55:48,-33.96494,18.86089,154,24
2013-11-28,13:56:30,-33.96739,18.86358,183,18
2013-11-28,13:56:31,-33.96744,18.86356,183,18
2013-11-28,13:56:33,-33.96753,18.86347,183,22
2013-11-28,13:56:37,-33.96758,18.86333,182,15
2013-11-28,13:56:38,-33.96756,18.86325,181,17
2013-11-28,13:56:47,-33.96725,18.86283,175,17
2013-11-28,13:56:49,-33.96728,18.86272,175,18
2013-11-28,13:56:58,-33.96761,18.86236,175,17
2013-11-28,13:56:59,-33.96767,18.86236,176,18
2013-11-28,13:57:01,-33.96769,18.86236,176,15
2013-11-28,13:57:03,-33.96778,18.86244,177,13
2013-11-28,13:57:05,-33.96783,18.86247,178,15
2013-11-28,13:57:06,-33.96786,18.86244,178,16
2013-11-28,13:57:13,-33.96817,18.86211,180,25
2013-11-28,13:57:18,-33.96825,18.86194,179,11
2013-11-28,13:57:19,-33.96819,18.86186,179,17
2013-11-28,13:57:29,-33.96781,18.86144,171,13
2013-11-28,13:57:31,-33.96775,18.86144,171,13
2013-11-28,13:57:33,-33.96767,18.86153,170,18
2013-11-28,13:57:52,-33.96664,18.86275,168,10
2013-11-28,13:57:53,-33.96661,18.86275,168,15
2013-11-28,13:57:55,-33.96653,18.86267,167,24
2013-11-28,13:58:17,-33.96489,18.86075,150,18
2013-11-28,13:58:18,-33.96489,18.86069,150,20
2013-11-28,13:58:20,-33.96492,18.86056,150,24
2013-11-28,13:58:29,-33.96517,18.85994,153,17
2013-11-28,13:58:31,-33.96508,18.85986,152,23
2013-11-28,13:59:45,-33.95922,18.85319,126,17
2013-11-28,13:59:47,-33.95917,18.85319,126,21
2013-11-28,13:59:48,-33.95906,18.85325,126,28
2013-11-28,14:00:21,-33.95647,18.85492,117,0
2013-11-28,14:00:46,-33.95472,18.85558,116,59
2013-11-28,14:01:01,-33.95214,18.85544,114,75
2013-11-28,14:03:41,-33.94036,18.85192,97,17
2013-11-28,14:03:44,-33.94028,18.852,97,24
2013-11-28,14:03:45,-33.94025,18.85217,97,28
2013-11-28,14:04:08,-33.93983,18.85461,99,24
2013-11-28,14:04:09,-33.93975,18.85467,99,20
2013-11-28,14:04:30,-33.93758,18.85517,101,42
2013-11-28,14:04:35,-33.93731,18.85544,101,23
2013-11-28,14:04:59,-33.9365,18.85794,106,23
2013-11-28,14:05:05,-33.93636,18.858,106,12
2013-11-28,14:05:11,-33.93619,18.85794,106,11
2013-11-28,14:05:16,-33.93608,18.85794,105,12
2013-11-28,14:05:17,-33.93606,18.858,105,15
2013-11-28,14:05:18,-33.93603,18.85803,105,18
2013-11-28,14:05:28,-33.93594,18.85872,105,20
2013-11-28,14:06:01,-33.93578,18.85908,106,17
2013-11-28,14:06:38,-33.93469,18.85919,108,5
2013-11-28,14:06:43,-33.93458,18.85917,108,13
2013-11-28,14:06:45,-33.93453,18.85908,109,12
2013-11-28,14:06:47,-33.93456,18.859,109,18
2013-11-28,14:06:53,-33.93458,18.85861,109,15
2013-11-28,14:06:54,-33.93456,18.85858,109,12
2013-11-28,14:06:55,-33.93453,18.85858,109,12
2013-11-28,14:06:56,-33.9345,18.85858,108,12
2013-11-28,14:07:21,-33.93394,18.85867,110,20
2013-11-28,14:07:30,-33.93375,18.85886,110,6
2013-11-28,14:07:32,-33.93369,18.85883,110,11
2013-11-28,14:07:40,-33.93344,18.85878,109,12
2013-11-28,14:07:41,-33.93342,18.85881,109,12
2013-11-28,14:07:43,-33.93342,18.85883,109,9
2013-11-28,14:08:04,-33.93342,18.85892,107,5
2013-11-28,14:08:05,-33.93344,18.85894,107,4
2013-11-28,14:08:10,-33.93347,18.85897,107,4
2013-11-28,14:08:26,-33.93378,18.859,108,12
2013-11-28,14:08:27,-33.93381,18.85894,108,16
2013-11-28,14:08:32,-33.93392,18.85869,107,19
2013-11-28,14:08:36,-33.93406,18.85861,106,23
2013-11-28,14:08:38,-33.93422,18.85861,105,20
2013-11-28,14:08:43,-33.93444,18.85869,105,12
2013-11-28,14:08:49,-33.93453,18.85875,105,7
2013-11-28,14:08:52,-33.93453,18.85881,105,12
2013-11-28,14:09:06,-33.93453,18.85922,106,4
2013-11-28,14:09:09,-33.93458,18.85925,106,6
2013-11-28,14:09:11,-33.93461,18.85925,106,13
2013-11-28,14:09:48,-33.93603,18.85917,106,11
2013-11-28,14:09:49,-33.93606,18.85914,107,11
2013-11-28,14:09:50,-33.93608,18.85911,106,11
2013-11-28,14:09:51,-33.93608,18.85908,106,14
2013-11-28,14:10:05,-33.93617,18.85836,105,24
2013-11-28,14:10:09,-33.93625,18.85808,105,18
2013-11-28,14:10:10,-33.93628,18.85803,105,20
2013-11-28,14:10:11,-33.93633,18.85803,105,22
2013-11-28,14:10:18,-33.93683,18.85817,106,27
2013-11-28,14:10:20,-33.93689,18.85808,106,28
2013-11-28,14:10:21,-33.93692,18.85792,106,36
2013-11-28,14:10:38,-33.93722,18.85575,103,20
2013-11-28,14:10:41,-33.93725,18.85564,103,14
2013-11-28,14:10:46,-33.93742,18.85536,102,29
2013-11-28,14:10:55,-33.93803,18.85492,101,41
2013-11-28,14:11:37,-33.93933,18.85467,101,3
2013-11-28,14:12:09,-33.93983,18.85467,102,12
2013-11-28,14:12:11,-33.93989,18.85458,101,21
2013-11-28,14:12:13,-33.93992,18.85442,101,34
2013-11-28,14:13:04,-33.94033,18.85206,98,15
2013-11-28,14:13:06,-33.94036,18.85203,98,19
2013-11-28,14:13:07,-33.94047,18.852,98,27
2013-11-28,14:15:44,-33.94886,18.85447,104,5
2013-11-28,14:16:07,-33.94919,18.85461,105,37
2013-11-28,14:16:41,-33.9545,18.85586,119,65
2013-11-28,14:16:56,-33.95694,18.85486,119,71
2013-11-28,14:18:29,-33.96392,18.84967,134,36
2013-11-28,14:18:58,-33.967,18.84525,114,64
2013-11-28,14:19:18,-33.96908,18.84425,104,6
2013-11-28,14:19:23,-33.96911,18.84419,104,11
2013-11-28,14:19:24,-33.96911,18.84408,104,20
2013-11-28,14:20:19,-33.96858,18.84231,106,12
2013-11-28,14:20:21,-33.96856,18.84231,106,10
2013-11-28,14:20:22,-33.96853,18.84236,105,15
2013-11-28,14:20:23,-33.96853,18.84242,105,18
2013-11-28,14:20:49,-33.96911,18.84414,107,17
2013-11-28,14:20:51,-33.96919,18.84419,106,28
2013-11-28,14:20:53,-33.96936,18.84422,105,37
2013-11-28,14:22:08,-33.97972,18.83986,125,93
2013-11-28,14:22:30,-33.98381,18.83583,135,110
2013-11-28,14:22:57,-33.98897,18.82792,116,127
2013-11-28,14:23:05,-33.99142,18.827,102,126
2013-11-28,14:25:57,-34.01017,18.82233,123,91
2013-11-28,14:26:05,-34.01183,18.82189,126,101
2013-11-28,14:27:00,-34.02711,18.82033,109,115
2013-11-28,14:27:11,-34.03022,18.82178,106,125
2013-11-28,14:27:24,-34.03389,18.82361,125,116
2013-11-28,14:29:01,-34.06019,18.82942,116,129
2013-11-28,14:29:49,-34.06933,18.82556,58,25
2013-11-28,14:29:50,-34.06936,18.82561,58,26
2013-11-28,14:29:51,-34.06942,18.82567,58,32
2013-11-28,14:31:07,-34.07394,18.83828,70,49
2013-11-28,14:31:49,-34.07808,18.84706,53,82
2013-11-28,14:33:27,-34.08436,18.85158,40,20
2013-11-28,14:33:28,-34.08439,18.85153,39,21
2013-11-28,14:34:39,-34.0845,18.85133,38,2
2013-11-28,14:34:43,-34.08447,18.85133,38,6
2013-11-28,14:34:48,-34.08453,18.85119,38,11
2013-11-28,14:34:57,-34.08458,18.85108,37,3
2013-11-28,14:34:59,-34.08458,18.85108,38,2
2013-11-28,14:35:01,-34.08458,18.85111,38,3
2013-11-28,14:35:11,-34.08461,18.85111,38,2
2013-11-28,14:36:04,-34.08458,18.85111,42,3
2013-11-28,14:36:10,-34.08458,18.85111,40,2
2013-11-28,14:36:12,-34.08458,18.85108,40,0
2013-11-28,14:36:53,-34.08461,18.85114,41,0
2013-11-28,14:37:06,-34.08461,18.85111,42,0
2013-11-28,14:37:17,-34.08461,18.85108,42,0
2013-11-28,15:07:48,-34.08458,18.85108,47,0
2013-11-28,15:31:41,-34.08458,18.85103,51,5
2013-11-28,15:31:43,-34.08458,18.851,49,8
2013-11-28,15:32:04,-34.08497,18.85044,37,10
2013-11-28,15:32:14,-34.08508,18.85028,37,3
2013-11-28,15:32:18,-34.08508,18.85025,37,2
2013-11-28,15:32:22,-34.08508,18.85019,37,5
2013-11-28,15:32:24,-34.08506,18.85017,37,7
2013-11-28,15:32:26,-34.08503,18.85019,37,10
2013-11-28,15:32:27,-34.085,18.85019,37,9
2013-11-28,15:32:54,-34.08458,18.85108,34,10
2013-11-28,15:33:09,-34.08436,18.85142,34,3
2013-11-28,15:33:17,-34.08433,18.85142,34,6
2013-11-28,15:33:20,-34.08428,18.85139,34,8
2013-11-28,15:33:25,-34.08417,18.85131,33,11
2013-11-28,15:36:07,-34.08144,18.84922,38,3
2013-11-28,15:36:11,-34.08136,18.84919,38,14
2013-11-28,15:37:12,-34.07622,18.84469,52,58
2013-11-28,15:37:56,-34.07358,18.83703,66,73
2013-11-28,15:40:12,-34.06942,18.82544,56,9
2013-11-28,15:40:22,-34.06933,18.82533,56,19
2013-11-28,15:40:25,-34.06922,18.82533,56,22
2013-11-28,15:41:58,-34.06886,18.82547,57,7
2013-11-28,15:43:02,-34.06803,18.82583,60,0
2013-11-28,15:44:39,-34.05833,18.82958,121,62
2013-11-28,15:45:25,-34.05103,18.82808,151,75
2013-11-28,15:47:18,-34.02536,18.82003,106,108
2013-11-28,15:48:11,-34.01094,18.82195,120,111
2013-11-28,15:50:19,-33.99844,18.82553,94,52
2013-11-28,15:51:54,-33.98803,18.82844,115,84
2013-11-28,15:52:07,-33.98611,18.83106,122,92
2013-11-28,15:52:37,-33.98183,18.83803,131,98
2013-11-28,15:53:03,-33.97658,18.84119,115,72
2013-11-28,15:53:21,-33.97536,18.84167,109,2
2013-11-28,15:54:51,-33.96617,18.84575,115,69
2013-11-28,15:56:07,-33.95547,18.85539,114,71
2013-11-28,15:56:20,-33.95317,18.85567,113,72
2013-11-28,15:58:30,-33.94311,18.85206,91,56
2013-11-28,15:59:21,-33.93867,18.85153,92,31
2013-11-28,15:59:53,-33.93708,18.85133,91,48
2013-11-28,16:00:21,-33.93442,18.85228,94,13
2013-11-28,16:00:23,-33.93436,18.85225,94,12
2013-11-28,16:00:26,-33.93433,18.85211,95,18
2013-11-28,16:00:35,-33.93411,18.85153,95,30
2013-11-28,16:00:36,-33.934,18.85144,95,30
2013-11-28,16:00:38,-33.93383,18.85142,94,34
2013-11-28,16:01:05,-33.93172,18.85197,95,39
2013-11-28,16:01:41,-33.92769,18.85108,96,23
2013-11-28,16:01:53,-33.92697,18.85136,97,31
2013-11-28,16:02:44,-33.92553,18.85225,101,33
2013-11-28,16:03:43,-33.92094,18.85306,103,30
2013-11-28,16:03:47,-33.92067,18.85303,103,33
2013-11-28,16:04:09,-33.91925,18.85172,112,42
2013-11-28,16:04:21,-33.91833,18.85097,119,25
2013-11-28,16:04:23,-33.91819,18.85092,119,17
2013-11-28,16:04:25,-33.91817,18.85081,120,18
2013-11-28,16:04:30,-33.91806,18.85061,122,20
2013-11-28,16:04:42,-33.91742,18.84989,127,14
2013-11-28,16:04:44,-33.91742,18.84981,128,15
2013-11-28,16:04:47,-33.9175,18.84969,129,16
2013-11-28,16:06:28,-33.91994,18.84761,151,19
2013-11-28,16:06:29,-33.91994,18.8475,153,21
2013-11-28,16:07:05,-33.91969,18.84689,159,11
2013-11-28,16:07:10,-33.91961,18.84672,160,13
2013-11-28,16:07:12,-33.91961,18.84661,161,16
2013-11-28,16:07:13,-33.91967,18.84658,162,17
2013-11-28,16:07:16,-33.91978,18.8465,163,20
2013-11-28,16:07:40,-33.92103,18.84561,172,14
2013-11-28,16:07:44,-33.92111,18.84542,174,17
2013-11-28,16:07:53,-33.92119,18.84486,180,24
2013-11-28,16:08:38,-33.92081,18.84369,190,14
2013-11-28,16:08:40,-33.92078,18.84367,189,4
2013-11-28,16:08:55,-33.92078,18.84364,188,0
2013-11-28,16:09:28,-33.92075,18.84367,188,5
2013-11-28,16:09:42,-33.92008,18.84386,183,28
2013-11-28,16:10:32,-33.91903,18.84458,172,4
2013-11-28,16:10:35,-33.91897,18.84464,171,16
2013-11-28,16:10:42,-33.91875,18.84481,169,19
2013-11-28,16:10:43,-33.91875,18.84492,168,23
2013-11-28,16:11:03,-33.91922,18.84603,166,10
2013-11-28,16:11:05,-33.91922,18.84606,166,9
2013-11-28,16:11:06,-33.91917,18.84608,166,11
2013-11-28,16:11:10,-33.91903,18.84614,164,15
2013-11-28,16:11:13,-33.91894,18.84611,163,13
2013-11-28,16:11:19,-33.91881,18.84603,162,8
2013-11-28,16:11:24,-33.91867,18.84586,163,19
2013-11-28,16:11:25,-33.91861,18.84586,162,22
2013-11-28,16:11:28,-33.9185,18.84594,161,30
2013-11-28,16:11:34,-33.91817,18.84622,158,21
2013-11-28,16:11:39,-33.91808,18.84656,156,14
2013-11-28,16:11:46,-33.91808,18.84697,152,17
2013-11-28,16:11:47,-33.91803,18.847,152,20
2013-11-28,16:11:52,-33.91769,18.84703,150,27
2013-11-28,16:12:59,-33.91514,18.846,133,8
2013-11-28,16:13:00,-33.91511,18.846,132,11
2013-11-28,16:13:02,-33.91511,18.84606,132,5
2013-11-28,16:13:38,-33.91492,18.84792,128,43
2013-11-28,16:13:41,-33.91508,18.84831,127,17
2013-11-28,16:14:06,-33.91514,18.84842,129,15
2013-11-28,16:14:18,-33.91583,18.84922,128,29
2013-11-28,16:14:20,-33.91597,18.84917,129,31
2013-11-28,16:14:25,-33.91625,18.84908,131,14
2013-11-28,16:14:27,-33.91628,18.84917,130,18
2013-11-28,16:14:52,-33.91736,18.851,118,48
2013-11-28,16:14:54,-33.91761,18.85108,118,53
2013-11-28,16:15:02,-33.91853,18.85108,119,44
2013-11-28,16:15:54,-33.92072,18.85311,104,18
2013-11-28,16:16:24,-33.92092,18.85311,106,17
2013-11-28,16:17:22,-33.92622,18.85208,105,29
2013-11-28,16:17:35,-33.92719,18.85125,102,10
2013-11-28,16:17:49,-33.92842,18.85117,101,57
2013-11-28,16:18:15,-33.93253,18.85206,100,34
2013-11-28,16:18:28,-33.934,18.85153,99,38
2013-11-28,16:18:30,-33.93414,18.85169,100,39
2013-11-28,16:18:39,-33.93425,18.85219,100,2
2013-11-28,16:19:17,-33.93425,18.85217,102,0
2013-11-28,16:19:29,-33.93425,18.85225,102,15
2013-11-28,16:19:31,-33.93419,18.85233,102,22
2013-11-28,16:19:33,-33.93403,18.85242,102,34
2013-11-28,16:19:42,-33.93356,18.85253,101,9
2013-11-28,16:19:44,-33.9335,18.85253,101,16
2013-11-28,16:20:01,-33.93283,18.85275,100,21
2013-11-28,16:20:02,-33.93281,18.85281,100,24
2013-11-28,16:20:04,-33.93281,18.853,100,35
2013-11-28,16:20:31,-33.93244,18.85767,105,10
2013-11-28,16:20:32,-33.93247,18.85769,105,14
2013-11-28,16:20:37,-33.93267,18.85781,105,24
2013-11-28,16:20:39,-33.93269,18.85794,105,26
2013-11-28,16:20:43,-33.93281,18.85819,106,20
2013-11-28,16:21:14,-33.93294,18.85822,109,8
2013-11-28,16:21:15,-33.93294,18.85819,109,11
2013-11-28,16:21:16,-33.93297,18.85817,109,13
2013-11-28,16:21:18,-33.93294,18.85814,109,12
2013-11-28,16:21:19,-33.93289,18.85811,109,17
2013-11-28,16:21:22,-33.93278,18.85811,108,17
2013-11-28,16:21:23,-33.93275,18.85808,108,18
2013-11-28,16:21:32,-33.93258,18.8575,106,39
2013-11-28,16:21:38,-33.93261,18.857,105,18
2013-11-28,16:21:48,-33.93256,18.85683,105,17
2013-11-28,16:22:18,-33.93297,18.85275,98,18
2013-11-28,16:22:20,-33.93306,18.85272,98,19
2013-11-28,16:24:10,-33.93425,18.85244,100,2
2013-11-28,16:24:16,-33.93433,18.85225,100,28
2013-11-28,16:24:19,-33.93428,18.85197,100,27
2013-11-28,16:24:21,-33.93422,18.85178,100,34
2013-11-28,16:24:24,-33.93408,18.8515,100,36
2013-11-28,16:24:26,-33.93392,18.85142,99,41
2013-11-28,16:24:29,-33.93369,18.85147,99,49
2013-11-28,16:24:48,-33.93211,18.85208,97,32
2013-11-28,16:25:24,-33.92717,18.85122,96,59
2013-11-28,16:26:26,-33.92078,18.85303,99,35
2013-11-28,16:26:29,-33.92056,18.85292,99,29
2013-11-28,16:27:11,-33.91925,18.85167,111,16
2013-11-28,16:27:15,-33.91906,18.85147,113,28
2013-11-28,16:27:27,-33.91819,18.85092,118,33
2013-11-28,16:27:35,-33.91736,18.85094,116,37
2013-11-28,16:27:39,-33.91711,18.85061,118,36
2013-11-28,16:28:03,-33.91622,18.84908,128,20
2013-11-28,16:28:04,-33.91617,18.84908,128,22
2013-11-28,16:28:06,-33.91603,18.84911,127,33
2013-11-28,16:28:10,-33.91575,18.84922,124,25
2013-11-28,16:28:11,-33.91569,18.84917,124,27
2013-11-28,16:28:25,-33.91494,18.84803,128,18
2013-11-28,16:28:33,-33.91492,18.84736,130,30
2013-11-28,16:28:51,-33.91508,18.846,134,19
2013-11-28,16:28:52,-33.91503,18.84594,134,20
2013-11-28,16:28:58,-33.91483,18.84581,131,12
2013-11-28,16:29:02,-33.91461,18.84578,129,23
2013-11-28,16:29:03,-33.91458,18.84569,129,24
2013-11-28,16:29:12,-33.91442,18.84483,127,30
2013-11-28,16:29:14,-33.9145,18.84461,126,34
2013-11-28,16:29:19,-33.91467,18.84436,127,19
2013-11-28,16:29:20,-33.91472,18.84433,128,15
2013-11-28,16:29:22,-33.91481,18.84439,129,17
2013-11-28,16:29:28,-33.91494,18.84456,132,12
2013-11-28,16:29:29,-33.91494,18.84461,132,8
2013-11-28,16:29:30,-33.91494,18.84461,132,11
2013-11-28,16:29:39,-33.91469,18.84517,131,19
2013-11-28,16:29:40,-33.91472,18.84522,131,20
2013-11-28,16:29:43,-33.91486,18.84531,133,20
2013-11-28,16:29:45,-33.91494,18.84531,134,20
2013-11-28,16:29:46,-33.915,18.84525,134,20
2013-11-28,16:31:11,-33.91547,18.84433,143,8
2013-11-28,16:31:12,-33.91544,18.84433,143,8
2013-11-28,16:31:13,-33.91544,18.84431,142,9
2013-11-28,16:31:20,-33.91517,18.84419,138,14
2013-11-28,16:31:21,-33.91517,18.84419,138,14
2013-11-28,16:31:22,-33.91511,18.84425,137,16
2013-11-28,16:31:28,-33.91494,18.84447,135,15
2013-11-28,16:31:30,-33.91486,18.84444,134,19
2013-11-28,16:31:35,-33.91469,18.84431,130,12
2013-11-28,16:31:36,-33.91467,18.84433,130,12
2013-11-28,16:31:38,-33.91461,18.84442,130,20
2013-11-28,16:31:44,-33.91442,18.84483,129,25
2013-11-28,16:31:55,-33.91458,18.84575,131,9
2013-11-28,16:31:57,-33.91461,18.84578,132,9
2013-11-28,16:31:59,-33.91467,18.84578,132,13
2013-11-28,16:32:06,-33.91492,18.84583,134,7
2013-11-28,16:32:13,-33.91511,18.84603,136,16
2013-11-28,16:32:14,-33.91511,18.84608,136,20
2013-11-28,16:32:34,-33.91494,18.84811,129,16
2013-11-28,16:33:04,-33.91575,18.84925,124,21
2013-11-28,16:33:05,-33.91581,18.84925,124,20
2013-11-28,16:33:06,-33.91586,18.84925,124,22
2013-11-28,16:33:13,-33.91622,18.84908,128,16
2013-11-28,16:33:14,-33.91625,18.84911,128,18
2013-11-28,16:33:15,-33.91628,18.84917,127,21
2013-11-28,16:33:42,-33.91739,18.851,115,45
2013-11-28,16:33:44,-33.91761,18.85108,115,45
2013-11-28,16:33:46,-33.91783,18.85106,116,47
2013-11-28,16:33:51,-33.91833,18.851,117,35
2013-11-28,16:33:56,-33.91867,18.85122,116,23
2013-11-28,16:34:08,-33.91894,18.8515,113,13
2013-11-28,16:34:11,-33.919,18.85161,112,15
2013-11-28,16:34:35,-33.92069,18.85308,103,31
2013-11-28,16:34:37,-33.92086,18.85311,103,37
2013-11-28,16:34:40,-33.92125,18.853,102,32
2013-11-28,16:35:29,-33.92617,18.85214,104,17
2013-11-28,16:35:45,-33.92803,18.85111,101,72
2013-11-28,16:36:23,-33.93267,18.85203,98,31
2013-11-28,16:36:38,-33.93394,18.8515,97,30
2013-11-28,16:36:39,-33.93408,18.85158,97,26
2013-11-28,16:36:41,-33.93417,18.85169,97,22
2013-11-28,16:36:53,-33.93442,18.85244,97,25
2013-11-28,16:36:55,-33.93456,18.85247,97,25
2013-11-28,16:37:48,-33.93611,18.85208,98,37
2013-11-28,16:38:01,-33.93736,18.85119,97,40
2013-11-28,16:38:05,-33.93775,18.85083,97,51
2013-11-28,16:38:46,-33.94031,18.84869,94,54
2013-11-28,16:39:10,-33.94242,18.84525,95,59
2013-11-28,16:39:14,-33.94236,18.84453,97,61
2013-11-28,16:39:25,-33.94217,18.84231,95,71
2013-11-28,16:39:42,-33.94281,18.8395,90,37
2013-11-28,16:41:46,-33.95058,18.80986,84,53
2013-11-28,16:41:49,-33.95089,18.80953,82,58
2013-11-28,16:41:52,-33.95133,18.80936,81,66
2013-11-28,16:41:58,-33.95236,18.80894,77,79
2013-11-28,16:42:48,-33.96061,18.80144,55,69
2013-11-28,16:43:10,-33.96253,18.79744,54,71
2013-11-28,16:43:27,-33.96533,18.79583,45,82
2013-11-28,16:44:54,-33.97617,18.77867,34,81
2013-11-28,16:46:05,-33.98483,18.76886,27,60
2013-11-28,16:49:05,-34.01094,18.75211,33,80
2013-11-28,18:55:19,-34.04611,18.75317,11,122
2013-11-28,18:56:05,-34.05444,18.767,11,123
2013-11-28,18:56:38,-34.05917,18.77778,15,124
2013-11-28,18:57:29,-34.05944,18.79547,24,112
2013-11-28,18:59:45,-34.08469,18.83203,18,89
2013-11-28,18:59:56,-34.08514,18.83492,20,90
2013-11-28,19:01:13,-34.09128,18.84147,18,55
2013-11-28,20:12:27,-34.08911,18.83911,23,47
2013-11-28,20:12:59,-34.08506,18.83461,25,65
2013-11-28,20:13:41,-34.08108,18.82519,25,90
2013-11-28,20:14:16,-34.07761,18.82053,31,20
2013-11-28,20:14:18,-34.0775,18.82056,31,22
2013-11-28,20:16:57,-34.05697,18.82958,126,75
2013-11-28,20:17:36,-34.04956,18.82733,150,96
2013-11-28,20:17:37,-34.04911,18.82708,150,96
2013-11-28,20:18:09,-34.04125,18.82436,155,112
2013-11-28,20:18:43,-34.03144,18.82242,101,121
2013-11-28,20:19:03,-34.02647,18.82006,105,102
2013-11-28,20:22:03,-33.99078,18.82692,103,75
2013-11-28,20:22:16,-33.98847,18.82803,116,79
2013-11-28,20:22:29,-33.9865,18.83033,123,89
2013-11-28,20:22:48,-33.98411,18.83525,133,97
2013-11-28,20:23:08,-33.98075,18.83894,126,85
2013-11-28,20:24:41,-33.96525,18.847,122,82
2013-11-28,20:25:18,-33.96278,18.85061,135,40
2013-11-28,20:26:05,-33.95525,18.85547,112,85
2013-11-28,20:26:17,-33.95264,18.85558,111,87
2013-11-28,20:27:57,-33.94075,18.85183,92,14
2013-11-28,20:28:30,-33.93703,18.85131,92,52
2013-11-28,20:29:48,-33.92522,18.85475,103,57
2013-11-28,20:30:15,-33.92472,18.85536,104,17
2013-11-28,20:30:25,-33.92406,18.85511,105,39
2013-11-28,20:30:38,-33.92297,18.85469,106,11
2013-11-28,20:30:39,-33.92294,18.85469,105,7
2013-11-28,20:30:42,-33.92294,18.85475,105,3
2013-11-28,20:30:57,-33.92283,18.85503,106,8
2013-11-28,20:30:58,-33.92286,18.85506,106,8
2013-11-28,20:30:59,-33.92286,18.85506,106,7
2013-11-28,20:31:03,-33.92294,18.85508,105,7
2013-11-28,20:32:59,-33.92303,18.85508,104,0
2013-11-28,20:33:03,-33.923,18.85511,104,0
2013-11-28,20:38:03,-33.92303,18.85508,95,0
2013-11-28,20:43:06,-33.92303,18.85508,105,0
2013-11-28,20:48:08,-33.92303,18.85508,106,0
2013-11-28,20:50:13,-33.92303,18.85511,107,3
2013-11-28,20:50:14,-33.92303,18.85511,107,5
2013-11-28,20:50:16,-33.92306,18.85508,107,9
2013-11-28,20:51:38,-33.92325,18.85483,111,5
2013-11-28,20:51:41,-33.92331,18.85486,111,10
2013-11-28,20:51:46,-33.92347,18.85497,110,18
2013-11-28,20:51:47,-33.9235,18.85503,110,19
2013-11-28,20:51:49,-33.92347,18.85514,109,22
2013-11-28,20:52:03,-33.92308,18.85647,112,32
2013-11-28,20:52:06,-33.92317,18.85675,113,31
2013-11-28,20:52:10,-33.92325,18.857,114,16
2013-11-28,20:52:12,-33.92322,18.85708,114,16
2013-11-28,20:52:14,-33.92317,18.85717,114,21
2013-11-28,20:52:30,-33.92153,18.85836,113,65
2013-11-28,20:52:35,-33.92075,18.85844,118,63
2013-11-28,20:53:09,-33.91467,18.85867,143,78
2013-11-28,20:54:52,-33.8935,18.85875,152,107
2013-11-28,20:54:58,-33.89225,18.85744,151,112
2013-11-28,20:55:39,-33.8845,18.84803,192,94
2013-11-28,20:55:46,-33.88294,18.84742,199,91
2013-11-28,20:55:54,-33.88117,18.84769,205,91
2013-11-28,20:56:20,-33.87511,18.84967,200,99
2013-11-28,20:57:18,-33.86158,18.84981,185,92
